Date,Time,Heart Rate (bpm),Heart Rate Variability (ms),Respiratory Rate (breaths/min),Blood Oxygen (%),Step Count (steps),Walking Speed (km/h),Distance Walked/Run (km),Flights Climbed (flights),Active Energy Burned (kcal),Stand Hours (hours),Sleep Duration (hours),Time Awake (minutes),REM Sleep (%),Core Sleep (%),Deep Sleep (%),Environmental Sound Level (dB),Headphone Audio Exposure (dB),VO2 Max (mL/kg/min),ECG (ST Segment Elevation) (mm),Body Temperature (°C),Exercise Minutes (minutes),Elevation Gain (meters),Running Pace (min/km),Mindfulness Minutes (minutes)
01-Mar-2025,00:00:00,68.5,51.1,11.9,99.3,0,4.8,0.0,5,62,0,0.0,12,0,0,0,46.9,0.0,37.7,0.046,36.39,0,0,0.0,0
01-Mar-2025,01:00:00,67.0,50.2,11.3,97.5,0,4.1,0.0,2,62,0,0.0,8,0,0,0,30.9,0.0,36.7,0.006,36.21,0,0,0.0,0
01-Mar-2025,02:00:00,60.6,59.9,11.9,98.9,0,4.1,0.0,4,62,0,6.5,10,23,60,25,46.6,0.0,37.3,0.002,36.36,0,4,0.0,0
01-Mar-2025,03:00:00,63.9,49.9,13.9,98.8,0,4.6,0.0,1,62,0,0.0,11,0,0,0,50.0,0.0,43.3,-0.043,36.31,0,1,0.0,0
01-Mar-2025,04:00:00,74.6,51.2,11.9,97.9,0,4.8,0.0,3,62,0,0.0,14,0,0,0,43.8,0.0,42.6,-0.019,36.44,0,2,0.0,0
01-Mar-2025,05:00:00,57.7,79.5,13.7,97.9,410,4.8,0.7,0,117,1,0.0,0,0,0,0,46.9,0.0,44.3,-0.007,36.38,0,2,0.0,0
01-Mar-2025,06:00:00,58.4,81.7,11.2,97.9,570,4.8,0.5,2,98,1,0.0,0,0,0,0,31.2,0.0,40.7,-0.024,36.24,0,4,0.0,0
01-Mar-2025,07:00:00,138.9,25.6,11.8,97.6,2208,13.8,5.8,0,599,1,0.0,0,0,0,0,31.2,74.7,41.0,-0.046,36.98,59,12,5.8,10
01-Mar-2025,08:00:00,63.6,83.8,12.7,97.9,586,3.6,0.5,3,104,1,0.0,0,0,0,0,35.1,0.0,39.6,0.039,36.35,0,3,0.0,0
01-Mar-2025,09:00:00,62.1,80.5,11.6,99.3,660,3.4,0.7,1,106,1,0.0,0,0,0,0,41.4,0.0,36.4,0.014,36.43,0,5,0.0,0
01-Mar-2025,10:00:00,54.4,77.8,12.7,98.8,723,4.9,0.4,5,110,1,0.0,0,0,0,0,36.1,0.0,40.0,-0.009,36.49,0,3,0.0,0
01-Mar-2025,11:00:00,61.7,80.8,11.4,98.6,690,3.6,0.7,2,80,1,0.0,0,0,0,0,45.1,0.0,44.1,-0.039,36.41,0,0,0.0,0
01-Mar-2025,12:00:00,64.6,82.7,12.8,98.7,716,3.4,0.4,1,82,1,0.0,0,0,0,0,45.0,0.0,38.5,-0.034,36.24,0,1,0.0,0
01-Mar-2025,13:00:00,55.7,82.6,12.9,98.2,768,4.4,0.4,1,97,1,0.0,0,0,0,0,49.9,0.0,36.0,-0.046,36.27,0,0,0.0,0
01-Mar-2025,14:00:00,52.6,79.7,13.4,98.8,594,3.1,0.3,4,84,1,0.0,0,0,0,0,45.7,0.0,37.0,-0.01,36.39,0,2,0.0,0
01-Mar-2025,15:00:00,55.7,76.2,13.1,98.8,635,3.9,0.3,4,80,1,0.0,0,0,0,0,42.3,0.0,39.5,0.038,36.34,0,1,0.0,0
01-Mar-2025,16:00:00,59.5,77.5,12.0,99.1,596,4.3,0.3,5,97,1,0.0,0,0,0,0,46.2,0.0,35.8,-0.035,36.36,0,3,0.0,0
01-Mar-2025,17:00:00,50.8,77.2,11.4,98.1,647,4.9,0.6,5,110,1,0.0,0,0,0,0,36.1,0.0,37.4,0.013,36.39,0,0,0.0,11
01-Mar-2025,18:00:00,132.9,27.2,13.9,98.6,2772,13.1,5.9,4,602,1,0.0,0,0,0,0,47.0,70.9,43.4,-0.023,37.04,46,26,6.0,0
01-Mar-2025,19:00:00,55.2,84.1,12.8,98.2,514,5.0,0.8,2,104,1,0.0,0,0,0,0,34.1,0.0,37.2,0.021,36.34,0,3,0.0,0
01-Mar-2025,20:00:00,62.4,76.7,12.3,98.6,701,4.0,0.4,5,91,1,0.0,0,0,0,0,49.6,0.0,39.6,0.015,36.34,0,4,0.0,7
01-Mar-2025,21:00:00,53.6,82.6,13.9,98.3,646,3.8,0.8,3,117,1,0.0,0,0,0,0,43.7,0.0,37.8,-0.019,36.24,0,4,0.0,0
01-Mar-2025,22:00:00,67.8,57.1,13.1,98.6,0,3.9,0.0,5,62,0,0.0,11,0,0,0,33.8,0.0,38.5,0.004,36.25,0,4,0.0,0
01-Mar-2025,23:00:00,68.9,48.4,12.3,98.7,0,3.9,0.0,4,62,0,0.0,11,0,0,0,48.3,0.0,38.7,0.008,36.44,0,5,0.0,0
02-Mar-2025,00:00:00,63.5,48.4,12.2,98.0,0,3.0,0.0,5,62,0,0.0,11,0,0,0,30.9,0.0,43.4,-0.013,36.43,0,5,0.0,0
02-Mar-2025,01:00:00,62.4,56.1,13.9,98.6,0,4.7,0.0,0,62,0,0.0,7,0,0,0,49.1,0.0,40.2,0.015,36.26,0,0,0.0,0
02-Mar-2025,02:00:00,64.7,58.1,13.0,99.2,0,3.7,0.0,1,62,0,6.5,8,22,57,23,49.8,0.0,36.9,0.007,36.37,0,5,0.0,0
02-Mar-2025,03:00:00,62.6,40.8,12.9,97.7,0,3.5,0.0,0,62,0,0.0,14,0,0,0,37.7,0.0,42.7,0.041,36.49,0,2,0.0,0
02-Mar-2025,04:00:00,70.2,42.8,11.2,98.1,0,4.4,0.0,4,62,0,0.0,11,0,0,0,32.9,0.0,36.9,0.02,36.3,0,2,0.0,0
02-Mar-2025,05:00:00,59.1,78.0,13.6,97.7,726,3.9,0.5,4,117,1,0.0,0,0,0,0,45.1,0.0,40.3,0.003,36.36,0,3,0.0,0
02-Mar-2025,06:00:00,54.7,83.3,13.6,98.5,799,4.4,0.4,1,93,1,0.0,0,0,0,0,46.0,0.0,37.2,0.024,36.46,0,2,0.0,0
02-Mar-2025,07:00:00,135.4,26.1,19.6,98.2,2096,13.6,5.5,4,596,1,0.0,0,0,0,0,43.9,70.7,43.4,0.017,37.0,57,30,6.1,15
02-Mar-2025,08:00:00,55.7,84.9,11.2,99.1,610,3.8,0.5,2,107,1,0.0,0,0,0,0,30.5,0.0,44.8,0.027,36.21,0,2,0.0,0
02-Mar-2025,09:00:00,62.5,79.4,12.7,99.1,620,4.7,0.6,3,92,1,0.0,0,0,0,0,44.6,0.0,44.4,-0.035,36.47,0,0,0.0,0
02-Mar-2025,10:00:00,55.2,84.4,13.7,97.9,472,3.4,0.7,5,96,1,0.0,0,0,0,0,36.1,0.0,44.4,0.039,36.44,0,5,0.0,0
02-Mar-2025,11:00:00,56.5,76.9,11.5,98.2,712,4.6,0.8,0,98,1,0.0,0,0,0,0,45.6,0.0,38.8,0.026,36.44,0,4,0.0,0
02-Mar-2025,12:00:00,61.8,76.8,13.8,98.4,639,4.7,0.4,4,94,1,0.0,0,0,0,0,33.4,0.0,35.4,0.03,36.33,0,2,0.0,0
02-Mar-2025,13:00:00,59.3,80.3,12.9,97.9,766,3.2,0.5,5,120,1,0.0,0,0,0,0,36.8,0.0,39.5,-0.041,36.28,0,5,0.0,0
02-Mar-2025,14:00:00,56.2,83.1,11.5,97.7,558,4.8,0.4,2,87,1,0.0,0,0,0,0,30.0,0.0,41.4,-0.009,36.24,0,2,0.0,0
02-Mar-2025,15:00:00,62.1,83.2,13.9,98.6,548,4.8,0.6,3,88,1,0.0,0,0,0,0,48.7,0.0,42.7,-0.019,36.4,0,2,0.0,0
02-Mar-2025,16:00:00,57.0,75.3,14.0,99.4,643,4.3,0.5,0,88,1,0.0,0,0,0,0,41.0,0.0,38.4,0.014,36.36,0,3,0.0,0
02-Mar-2025,17:00:00,63.8,82.0,11.5,99.0,685,4.5,0.7,3,115,1,0.0,0,0,0,0,34.0,0.0,38.9,-0.01,36.39,0,1,0.0,12
02-Mar-2025,18:00:00,130.9,25.9,19.7,97.6,2562,13.6,5.2,2,608,1,0.0,0,0,0,0,42.2,65.0,36.0,0.031,36.95,50,32,6.4,0
02-Mar-2025,19:00:00,56.2,77.2,11.6,98.4,679,4.6,0.7,1,114,1,0.0,0,0,0,0,46.9,0.0,37.4,0.0,36.34,0,4,0.0,0
02-Mar-2025,20:00:00,62.9,75.8,13.3,98.6,703,4.2,0.4,3,108,1,0.0,0,0,0,0,47.2,0.0,35.9,-0.047,36.5,0,0,0.0,7
02-Mar-2025,21:00:00,53.7,82.7,11.7,97.9,618,4.3,0.5,4,117,1,0.0,0,0,0,0,44.0,0.0,42.5,0.028,36.21,0,4,0.0,0
02-Mar-2025,22:00:00,71.6,49.8,13.0,97.6,0,4.1,0.0,0,62,0,0.0,10,0,0,0,36.8,0.0,44.1,-0.027,36.45,0,2,0.0,0
02-Mar-2025,23:00:00,65.5,59.6,13.0,99.3,0,3.6,0.0,3,62,0,0.0,8,0,0,0,41.3,0.0,40.3,0.049,36.29,0,1,0.0,0
03-Mar-2025,00:00:00,66.4,41.1,13.2,99.1,0,3.5,0.0,4,62,0,0.0,9,0,0,0,32.2,0.0,39.9,-0.005,36.4,0,5,0.0,0
03-Mar-2025,01:00:00,61.1,55.7,11.0,98.6,0,4.0,0.0,4,62,0,0.0,13,0,0,0,48.4,0.0,42.6,0.002,36.26,0,4,0.0,0
03-Mar-2025,02:00:00,73.5,43.8,11.6,98.7,0,4.2,0.0,4,62,0,6.5,14,20,60,20,36.9,0.0,38.3,-0.031,36.3,0,4,0.0,0
03-Mar-2025,03:00:00,66.4,51.9,12.9,98.3,0,4.1,0.0,3,62,0,0.0,9,0,0,0,46.5,0.0,41.9,-0.05,36.3,0,5,0.0,0
03-Mar-2025,04:00:00,67.9,48.2,12.9,98.8,0,3.4,0.0,0,62,0,0.0,6,0,0,0,48.4,0.0,40.7,-0.038,36.24,0,0,0.0,0
03-Mar-2025,05:00:00,61.9,81.6,11.5,97.9,635,5.0,0.8,0,98,1,0.0,0,0,0,0,43.4,0.0,40.9,-0.003,36.21,0,2,0.0,0
03-Mar-2025,06:00:00,55.0,81.5,11.0,98.9,444,3.3,0.4,0,85,1,0.0,0,0,0,0,35.9,0.0,44.6,0.009,36.37,0,3,0.0,0
03-Mar-2025,07:00:00,128.3,34.0,19.8,97.6,2751,12.3,5.1,0,558,1,0.0,0,0,0,0,34.9,74.6,41.9,-0.001,37.03,56,24,6.0,6
03-Mar-2025,08:00:00,54.2,78.3,11.2,98.9,648,4.4,0.7,0,97,1,0.0,0,0,0,0,30.1,0.0,39.9,0.049,36.35,0,4,0.0,0
03-Mar-2025,09:00:00,51.6,81.3,12.1,98.6,796,3.8,0.4,0,92,1,0.0,0,0,0,0,41.2,0.0,42.3,-0.02,36.37,0,4,0.0,0
03-Mar-2025,10:00:00,60.7,84.1,13.5,98.3,484,3.0,0.5,0,119,1,0.0,0,0,0,0,37.4,0.0,42.2,-0.017,36.26,0,5,0.0,0
03-Mar-2025,11:00:00,50.9,76.6,11.6,97.8,445,4.3,0.4,0,85,1,0.0,0,0,0,0,44.2,0.0,43.8,-0.025,36.4,0,0,0.0,0
03-Mar-2025,12:00:00,53.3,75.0,13.2,97.6,418,4.1,0.8,1,99,1,0.0,0,0,0,0,34.6,0.0,40.2,0.021,36.28,0,2,0.0,0
03-Mar-2025,13:00:00,61.3,84.6,13.6,98.2,734,4.1,0.7,2,107,1,0.0,0,0,0,0,38.9,0.0,41.1,-0.035,36.47,0,0,0.0,0
03-Mar-2025,14:00:00,60.1,83.3,12.3,99.0,532,3.6,0.3,5,111,1,0.0,0,0,0,0,33.2,0.0,43.6,0.036,36.35,0,0,0.0,0
03-Mar-2025,15:00:00,57.8,83.6,13.5,98.4,742,3.2,0.7,5,82,1,0.0,0,0,0,0,34.9,0.0,39.0,-0.015,36.27,0,0,0.0,0
03-Mar-2025,16:00:00,51.0,79.3,13.4,99.2,530,3.8,0.8,0,104,1,0.0,0,0,0,0,38.9,0.0,43.7,0.032,36.32,0,5,0.0,0
03-Mar-2025,17:00:00,61.6,83.0,14.0,99.5,746,3.3,0.7,4,103,1,0.0,0,0,0,0,48.2,0.0,38.3,-0.044,36.35,0,0,0.0,12
03-Mar-2025,18:00:00,147.3,32.6,13.9,99.1,2265,13.6,5.7,5,624,1,0.0,0,0,0,0,46.1,68.6,39.3,0.031,36.99,52,33,5.7,0
03-Mar-2025,19:00:00,60.4,77.3,13.7,97.5,794,4.0,0.4,0,116,1,0.0,0,0,0,0,46.4,0.0,38.1,-0.006,36.32,0,1,0.0,0
03-Mar-2025,20:00:00,54.8,80.1,11.9,98.7,720,4.4,0.6,0,111,1,0.0,0,0,0,0,41.7,0.0,41.8,-0.049,36.38,0,3,0.0,7
03-Mar-2025,21:00:00,54.5,78.3,13.3,98.0,419,3.8,0.6,2,98,1,0.0,0,0,0,0,44.6,0.0,36.6,-0.023,36.46,0,2,0.0,0
03-Mar-2025,22:00:00,73.4,56.6,13.4,98.6,0,4.8,0.0,2,62,0,0.0,13,0,0,0,38.7,0.0,36.5,-0.03,36.23,0,3,0.0,0
03-Mar-2025,23:00:00,61.7,41.7,13.3,98.6,0,5.0,0.0,3,62,0,0.0,9,0,0,0,39.7,0.0,38.9,0.038,36.42,0,4,0.0,0
04-Mar-2025,00:00:00,66.3,46.5,12.5,98.5,0,3.1,0.0,3,62,0,0.0,9,0,0,0,35.7,0.0,35.7,0.018,36.21,0,3,0.0,0
04-Mar-2025,01:00:00,69.5,42.0,12.1,99.2,0,3.3,0.0,3,62,0,0.0,14,0,0,0,37.1,0.0,43.7,0.016,36.46,0,5,0.0,0
04-Mar-2025,02:00:00,72.3,59.3,13.5,99.0,0,4.7,0.0,5,62,0,6.5,14,24,52,16,33.2,0.0,43.0,-0.008,36.31,0,1,0.0,0
04-Mar-2025,03:00:00,62.7,59.0,11.4,98.6,0,3.9,0.0,1,62,0,0.0,12,0,0,0,45.8,0.0,36.9,-0.025,36.27,0,3,0.0,0
04-Mar-2025,04:00:00,61.4,41.3,11.5,99.3,0,3.0,0.0,3,62,0,0.0,14,0,0,0,46.2,0.0,39.3,-0.008,36.29,0,0,0.0,0
04-Mar-2025,05:00:00,59.9,83.4,13.5,98.4,474,3.0,0.8,3,116,1,0.0,0,0,0,0,33.0,0.0,41.6,0.05,36.32,0,1,0.0,0
04-Mar-2025,06:00:00,65.0,83.7,12.4,98.5,589,4.7,0.4,5,86,1,0.0,0,0,0,0,42.2,0.0,39.3,0.045,36.4,0,4,0.0,0
04-Mar-2025,07:00:00,149.4,28.8,12.9,98.9,2221,12.5,5.2,4,641,1,0.0,0,0,0,0,41.3,70.6,38.7,0.043,36.94,49,14,5.6,9
04-Mar-2025,08:00:00,57.0,84.7,11.5,98.1,651,3.3,0.3,0,85,1,0.0,0,0,0,0,33.5,0.0,42.9,-0.045,36.25,0,3,0.0,0
04-Mar-2025,09:00:00,61.2,77.7,12.9,98.3,441,4.7,0.4,2,100,1,0.0,0,0,0,0,36.7,0.0,44.3,-0.05,36.35,0,5,0.0,0
04-Mar-2025,10:00:00,64.7,77.2,13.7,97.6,643,4.8,0.6,4,92,1,0.0,0,0,0,0,43.9,0.0,39.9,0.023,36.33,0,5,0.0,0
04-Mar-2025,11:00:00,64.9,82.9,11.6,99.3,649,4.1,0.6,5,116,1,0.0,0,0,0,0,34.2,0.0,36.5,-0.041,36.41,0,2,0.0,0
04-Mar-2025,12:00:00,59.4,76.1,13.4,99.0,548,4.8,0.5,4,117,1,0.0,0,0,0,0,36.2,0.0,43.9,0.048,36.44,0,4,0.0,0
04-Mar-2025,13:00:00,60.6,83.2,13.6,98.7,513,3.9,0.7,1,93,1,0.0,0,0,0,0,37.3,0.0,40.3,-0.032,36.44,0,2,0.0,0
04-Mar-2025,14:00:00,61.8,78.2,12.8,97.6,660,4.3,0.6,3,103,1,0.0,0,0,0,0,35.3,0.0,36.1,-0.032,36.27,0,4,0.0,0
04-Mar-2025,15:00:00,64.4,82.4,11.7,98.1,514,4.5,0.6,4,116,1,0.0,0,0,0,0,37.1,0.0,38.5,-0.009,36.42,0,2,0.0,0
04-Mar-2025,16:00:00,61.2,81.2,12.1,99.1,634,4.8,0.7,4,113,1,0.0,0,0,0,0,31.6,0.0,40.1,-0.041,36.26,0,1,0.0,0
04-Mar-2025,17:00:00,54.3,79.6,11.6,98.8,485,3.1,0.4,2,104,1,0.0,0,0,0,0,49.1,0.0,40.3,0.002,36.4,0,4,0.0,5
04-Mar-2025,18:00:00,146.5,34.9,13.9,99.0,2091,12.7,5.1,1,599,1,0.0,0,0,0,0,45.3,65.5,38.5,-0.029,36.94,45,17,5.6,0
04-Mar-2025,19:00:00,61.1,75.6,12.7,98.3,481,3.3,0.4,5,99,1,0.0,0,0,0,0,39.8,0.0,38.6,0.008,36.42,0,5,0.0,0
04-Mar-2025,20:00:00,55.6,77.3,13.0,97.9,622,3.0,0.4,2,118,1,0.0,0,0,0,0,35.9,0.0,41.0,-0.009,36.32,0,5,0.0,8
04-Mar-2025,21:00:00,52.4,81.6,13.6,97.8,751,5.0,0.3,3,89,1,0.0,0,0,0,0,34.3,0.0,41.0,0.04,36.38,0,1,0.0,0
04-Mar-2025,22:00:00,68.1,55.4,11.2,98.3,0,3.4,0.0,1,62,0,0.0,11,0,0,0,42.8,0.0,41.5,-0.02,36.4,0,4,0.0,0
04-Mar-2025,23:00:00,72.3,54.0,11.5,98.5,0,4.8,0.0,3,62,0,0.0,14,0,0,0,33.2,0.0,37.5,0.007,36.34,0,4,0.0,0
05-Mar-2025,00:00:00,62.2,57.2,11.0,98.1,0,4.3,0.0,5,62,0,0.0,11,0,0,0,40.4,0.0,37.2,-0.023,36.21,0,5,0.0,0
05-Mar-2025,01:00:00,68.4,49.0,12.9,98.4,0,4.1,0.0,0,62,0,0.0,12,0,0,0,38.1,0.0,38.4,-0.048,36.31,0,3,0.0,0
05-Mar-2025,02:00:00,65.8,59.9,13.1,99.1,0,3.3,0.0,2,62,0,6.5,12,25,53,24,37.3,0.0,41.7,0.023,36.28,0,3,0.0,0
05-Mar-2025,03:00:00,65.0,53.4,11.2,98.5,0,4.2,0.0,2,62,0,0.0,11,0,0,0,48.7,0.0,44.7,-0.048,36.28,0,3,0.0,0
05-Mar-2025,04:00:00,73.4,54.0,12.9,98.1,0,4.5,0.0,1,62,0,0.0,15,0,0,0,31.6,0.0,37.5,-0.017,36.21,0,2,0.0,0
05-Mar-2025,05:00:00,59.7,83.6,11.6,99.1,512,3.6,0.6,1,85,1,0.0,0,0,0,0,49.1,0.0,38.9,0.002,36.35,0,2,0.0,0
05-Mar-2025,06:00:00,55.7,76.1,11.0,97.8,492,3.9,0.4,2,111,1,0.0,0,0,0,0,46.8,0.0,39.1,0.007,36.24,0,2,0.0,0
05-Mar-2025,07:00:00,120.1,26.9,16.5,99.5,2495,13.0,5.3,1,650,1,0.0,0,0,0,0,45.9,73.1,35.0,-0.039,36.93,54,14,6.0,9
05-Mar-2025,08:00:00,53.3,80.4,12.9,99.3,452,3.6,0.5,3,96,1,0.0,0,0,0,0,32.2,0.0,44.5,0.038,36.42,0,2,0.0,0
05-Mar-2025,09:00:00,55.4,78.6,12.1,98.7,464,3.1,0.7,2,100,1,0.0,0,0,0,0,41.3,0.0,35.9,-0.03,36.26,0,0,0.0,0
05-Mar-2025,10:00:00,60.5,76.9,13.2,97.8,596,3.5,0.6,4,109,1,0.0,0,0,0,0,37.5,0.0,39.0,-0.031,36.46,0,1,0.0,0
05-Mar-2025,11:00:00,60.2,77.9,11.9,98.2,476,4.6,0.6,4,96,1,0.0,0,0,0,0,48.1,0.0,42.8,0.027,36.43,0,4,0.0,0
05-Mar-2025,12:00:00,60.5,77.8,11.5,98.0,771,3.6,0.7,3,88,1,0.0,0,0,0,0,44.7,0.0,41.1,0.046,36.34,0,3,0.0,0
05-Mar-2025,13:00:00,62.5,83.4,11.3,98.5,682,4.9,0.7,2,85,1,0.0,0,0,0,0,44.3,0.0,42.4,0.015,36.35,0,4,0.0,0
05-Mar-2025,14:00:00,64.8,77.4,11.4,98.4,603,4.1,0.5,5,90,1,0.0,0,0,0,0,44.7,0.0,39.5,0.046,36.3,0,4,0.0,0
05-Mar-2025,15:00:00,60.5,80.8,12.1,97.5,751,4.8,0.5,5,117,1,0.0,0,0,0,0,46.9,0.0,35.7,-0.03,36.28,0,0,0.0,0
05-Mar-2025,16:00:00,59.4,75.4,12.1,99.4,517,4.8,0.4,0,101,1,0.0,0,0,0,0,43.9,0.0,40.1,0.03,36.31,0,4,0.0,0
05-Mar-2025,17:00:00,62.6,84.6,12.1,97.6,476,4.3,0.7,3,81,1,0.0,0,0,0,0,48.6,0.0,38.7,0.0,36.28,0,1,0.0,12
05-Mar-2025,18:00:00,128.4,27.8,12.9,98.8,2726,12.2,6.0,4,630,1,0.0,0,0,0,0,33.6,65.2,44.1,0.003,37.1,54,0,6.3,0
05-Mar-2025,19:00:00,60.2,75.1,13.1,97.5,618,4.6,0.3,5,102,1,0.0,0,0,0,0,48.5,0.0,42.8,-0.007,36.32,0,4,0.0,0
05-Mar-2025,20:00:00,63.6,82.7,11.8,97.8,663,3.7,0.4,1,115,1,0.0,0,0,0,0,49.2,0.0,43.6,0.031,36.37,0,4,0.0,15
05-Mar-2025,21:00:00,59.2,76.1,12.8,97.7,452,3.5,0.6,4,113,1,0.0,0,0,0,0,41.1,0.0,39.0,0.022,36.42,0,4,0.0,0
05-Mar-2025,22:00:00,65.4,52.7,11.5,99.0,0,3.7,0.0,3,62,0,0.0,10,0,0,0,44.0,0.0,40.9,0.034,36.39,0,2,0.0,0
05-Mar-2025,23:00:00,61.0,49.5,13.7,99.2,0,3.1,0.0,1,62,0,0.0,6,0,0,0,37.0,0.0,41.3,0.004,36.45,0,3,0.0,0
06-Mar-2025,00:00:00,73.1,41.8,13.8,99.0,0,5.0,0.0,4,62,0,0.0,8,0,0,0,32.5,0.0,39.4,-0.007,36.48,0,0,0.0,0
06-Mar-2025,01:00:00,65.0,55.9,12.6,97.5,0,4.7,0.0,3,62,0,0.0,8,0,0,0,31.5,0.0,37.7,0.027,36.27,0,1,0.0,0
06-Mar-2025,02:00:00,71.8,55.6,11.2,98.1,0,3.7,0.0,5,62,0,6.5,9,24,60,18,47.4,0.0,40.9,0.008,36.2,0,2,0.0,0
06-Mar-2025,03:00:00,73.5,42.8,12.5,98.6,0,4.2,0.0,1,62,0,0.0,7,0,0,0,33.2,0.0,42.8,0.018,36.26,0,4,0.0,0
06-Mar-2025,04:00:00,67.6,40.3,13.8,98.2,0,5.0,0.0,2,62,0,0.0,15,0,0,0,40.4,0.0,41.9,0.023,36.38,0,5,0.0,0
06-Mar-2025,05:00:00,64.3,80.9,11.7,97.9,728,3.3,0.4,0,81,1,0.0,0,0,0,0,48.2,0.0,43.3,0.026,36.23,0,1,0.0,0
06-Mar-2025,06:00:00,59.0,77.1,11.5,98.9,773,4.5,0.3,3,114,1,0.0,0,0,0,0,35.2,0.0,35.1,-0.013,36.29,0,3,0.0,0
06-Mar-2025,07:00:00,124.8,33.2,16.3,98.8,2608,12.8,5.1,5,569,1,0.0,0,0,0,0,33.0,75.0,41.8,-0.0,37.16,55,10,6.0,6
06-Mar-2025,08:00:00,51.8,79.6,11.7,97.7,615,4.4,0.5,1,113,1,0.0,0,0,0,0,41.4,0.0,42.1,-0.047,36.34,0,0,0.0,0
06-Mar-2025,09:00:00,59.3,83.8,12.3,98.0,520,4.1,0.4,0,107,1,0.0,0,0,0,0,46.5,0.0,36.2,0.006,36.43,0,0,0.0,0
06-Mar-2025,10:00:00,50.2,83.8,11.3,98.2,741,4.6,0.5,1,101,1,0.0,0,0,0,0,42.3,0.0,43.6,-0.039,36.2,0,1,0.0,0
06-Mar-2025,11:00:00,58.1,82.1,13.4,99.1,714,4.8,0.3,3,92,1,0.0,0,0,0,0,33.5,0.0,38.0,-0.046,36.2,0,3,0.0,0
06-Mar-2025,12:00:00,59.5,75.7,12.1,99.1,635,4.0,0.7,1,117,1,0.0,0,0,0,0,35.1,0.0,42.9,-0.024,36.47,0,2,0.0,0
06-Mar-2025,13:00:00,64.7,83.2,12.2,97.9,448,3.9,0.5,0,85,1,0.0,0,0,0,0,30.8,0.0,43.5,0.046,36.39,0,1,0.0,0
06-Mar-2025,14:00:00,56.5,79.3,12.4,98.7,441,3.6,0.3,1,112,1,0.0,0,0,0,0,46.3,0.0,41.3,0.043,36.35,0,4,0.0,0
06-Mar-2025,15:00:00,55.4,80.6,12.4,99.4,747,3.8,0.6,4,113,1,0.0,0,0,0,0,38.9,0.0,40.0,-0.033,36.49,0,1,0.0,0
06-Mar-2025,16:00:00,56.5,81.4,12.3,97.6,415,3.8,0.8,2,98,1,0.0,0,0,0,0,32.4,0.0,35.7,-0.031,36.32,0,4,0.0,0
06-Mar-2025,17:00:00,60.5,81.4,12.5,98.6,687,3.9,0.4,1,96,1,0.0,0,0,0,0,34.3,0.0,41.9,-0.047,36.28,0,3,0.0,7
06-Mar-2025,18:00:00,137.1,31.7,18.8,99.4,2349,13.4,5.4,4,590,1,0.0,0,0,0,0,49.8,66.7,38.6,-0.049,37.07,50,29,6.3,0
06-Mar-2025,19:00:00,59.4,83.6,12.6,97.6,493,4.5,0.7,2,120,1,0.0,0,0,0,0,46.7,0.0,36.6,-0.017,36.41,0,4,0.0,0
06-Mar-2025,20:00:00,56.4,80.2,13.3,99.1,699,4.6,0.6,4,117,1,0.0,0,0,0,0,40.6,0.0,41.5,0.012,36.23,0,2,0.0,10
06-Mar-2025,21:00:00,58.2,82.3,11.2,98.0,441,4.9,0.4,3,107,1,0.0,0,0,0,0,46.5,0.0,35.4,0.047,36.36,0,5,0.0,0
06-Mar-2025,22:00:00,73.3,56.2,13.3,99.1,0,4.5,0.0,5,62,0,0.0,9,0,0,0,34.5,0.0,38.8,-0.043,36.43,0,5,0.0,0
06-Mar-2025,23:00:00,73.7,48.0,11.4,98.2,0,4.7,0.0,1,62,0,0.0,6,0,0,0,48.9,0.0,37.2,-0.007,36.21,0,3,0.0,0
07-Mar-2025,00:00:00,60.9,45.0,13.8,98.2,0,4.4,0.0,0,62,0,0.0,10,0,0,0,43.7,0.0,37.5,0.034,36.34,0,4,0.0,0
07-Mar-2025,01:00:00,71.7,47.9,12.8,99.0,0,4.2,0.0,0,62,0,0.0,5,0,0,0,36.8,0.0,35.8,-0.021,36.29,0,0,0.0,0
07-Mar-2025,02:00:00,64.2,47.6,13.8,98.1,0,3.7,0.0,2,62,0,6.5,7,23,56,15,47.3,0.0,35.3,0.042,36.45,0,2,0.0,0
07-Mar-2025,03:00:00,71.8,41.5,11.6,98.2,0,3.5,0.0,3,62,0,0.0,9,0,0,0,40.5,0.0,41.6,0.027,36.44,0,4,0.0,0
07-Mar-2025,04:00:00,62.1,53.7,13.0,99.4,0,3.8,0.0,0,62,0,0.0,11,0,0,0,48.3,0.0,35.1,0.01,36.31,0,4,0.0,0
07-Mar-2025,05:00:00,62.0,83.9,11.7,98.2,647,4.0,0.6,4,92,1,0.0,0,0,0,0,36.7,0.0,36.9,0.047,36.36,0,0,0.0,0
07-Mar-2025,06:00:00,60.9,76.5,13.0,98.0,733,4.7,0.7,0,118,1,0.0,0,0,0,0,31.7,0.0,42.8,-0.015,36.32,0,2,0.0,0
07-Mar-2025,07:00:00,135.1,26.3,20.5,98.3,2539,13.8,5.8,5,643,1,0.0,0,0,0,0,39.7,68.8,44.7,-0.04,36.98,50,8,6.1,8
07-Mar-2025,08:00:00,55.6,77.4,12.6,98.6,739,3.9,0.7,0,99,1,0.0,0,0,0,0,44.1,0.0,44.9,-0.023,36.23,0,3,0.0,0
07-Mar-2025,09:00:00,50.8,82.6,11.3,99.0,703,4.8,0.8,3,114,1,0.0,0,0,0,0,33.9,0.0,43.8,-0.041,36.42,0,3,0.0,0
07-Mar-2025,10:00:00,60.0,82.0,12.0,99.4,455,3.8,0.8,1,111,1,0.0,0,0,0,0,33.7,0.0,41.2,-0.044,36.26,0,5,0.0,0
07-Mar-2025,11:00:00,51.7,78.5,13.7,99.4,441,4.8,0.5,2,104,1,0.0,0,0,0,0,45.0,0.0,40.7,0.041,36.4,0,3,0.0,0
07-Mar-2025,12:00:00,51.7,83.9,12.3,99.5,737,4.5,0.3,5,106,1,0.0,0,0,0,0,36.3,0.0,36.8,0.019,36.46,0,3,0.0,0
07-Mar-2025,13:00:00,51.7,75.6,11.8,99.4,508,4.6,0.8,0,96,1,0.0,0,0,0,0,35.2,0.0,41.5,-0.031,36.46,0,2,0.0,0
07-Mar-2025,14:00:00,60.9,82.1,13.9,98.5,496,3.7,0.8,3,92,1,0.0,0,0,0,0,45.3,0.0,40.4,-0.006,36.36,0,3,0.0,0
07-Mar-2025,15:00:00,55.2,83.0,13.9,98.9,698,4.5,0.7,0,97,1,0.0,0,0,0,0,43.5,0.0,44.1,-0.009,36.27,0,0,0.0,0
07-Mar-2025,16:00:00,53.5,81.8,13.7,97.8,553,4.1,0.6,5,82,1,0.0,0,0,0,0,47.9,0.0,35.8,0.0,36.36,0,1,0.0,0
07-Mar-2025,17:00:00,63.0,81.0,12.5,99.4,620,4.4,0.5,4,96,1,0.0,0,0,0,0,30.6,0.0,38.6,-0.018,36.31,0,0,0.0,7
07-Mar-2025,18:00:00,138.9,25.4,14.9,99.3,2010,13.3,5.9,0,584,1,0.0,0,0,0,0,46.6,70.5,42.7,-0.017,37.03,47,31,5.8,0
07-Mar-2025,19:00:00,63.0,81.9,13.5,98.6,444,4.5,0.6,2,99,1,0.0,0,0,0,0,40.5,0.0,41.0,-0.009,36.31,0,4,0.0,0
07-Mar-2025,20:00:00,62.2,75.2,13.9,98.1,490,4.4,0.6,0,82,1,0.0,0,0,0,0,48.6,0.0,35.1,0.022,36.33,0,4,0.0,15
07-Mar-2025,21:00:00,50.9,80.9,11.8,98.5,628,4.0,0.4,4,120,1,0.0,0,0,0,0,46.2,0.0,37.8,-0.019,36.37,0,2,0.0,0
07-Mar-2025,22:00:00,74.7,51.0,12.9,97.5,0,3.3,0.0,1,62,0,0.0,12,0,0,0,33.0,0.0,35.9,0.043,36.33,0,3,0.0,0
07-Mar-2025,23:00:00,73.4,40.7,11.7,99.0,0,3.4,0.0,3,62,0,0.0,6,0,0,0,30.9,0.0,38.1,-0.037,36.34,0,0,0.0,0
08-Mar-2025,00:00:00,62.7,40.5,11.3,98.3,0,3.1,0.0,5,62,0,0.0,10,0,0,0,49.7,0.0,38.6,0.019,36.29,0,3,0.0,0
08-Mar-2025,01:00:00,64.4,47.2,13.4,97.6,0,4.5,0.0,2,62,0,0.0,14,0,0,0,36.6,0.0,40.7,-0.026,36.24,0,4,0.0,0
08-Mar-2025,02:00:00,71.7,44.4,13.6,98.3,0,3.7,0.0,3,62,0,6.5,8,25,57,19,41.8,0.0,42.5,0.01,36.33,0,5,0.0,0
08-Mar-2025,03:00:00,61.8,40.0,11.1,98.1,0,3.6,0.0,5,62,0,0.0,12,0,0,0,30.1,0.0,43.8,0.032,36.28,0,5,0.0,0
08-Mar-2025,04:00:00,62.1,40.8,13.1,99.0,0,3.8,0.0,5,62,0,0.0,9,0,0,0,40.4,0.0,37.8,0.035,36.4,0,4,0.0,0
08-Mar-2025,05:00:00,52.8,83.6,11.4,99.3,752,4.3,0.7,5,97,1,0.0,0,0,0,0,46.6,0.0,44.9,-0.044,36.3,0,1,0.0,0
08-Mar-2025,06:00:00,62.0,79.4,11.7,97.7,516,4.2,0.3,1,100,1,0.0,0,0,0,0,41.3,0.0,40.2,0.009,36.28,0,1,0.0,0
08-Mar-2025,07:00:00,127.7,31.0,17.7,97.7,2143,12.6,5.4,3,574,1,0.0,0,0,0,0,49.6,70.6,43.9,-0.038,36.92,60,15,5.6,8
08-Mar-2025,08:00:00,51.7,76.7,12.9,99.4,494,4.7,0.4,2,104,1,0.0,0,0,0,0,33.7,0.0,38.6,0.029,36.45,0,1,0.0,0
08-Mar-2025,09:00:00,56.8,81.1,11.5,99.5,775,3.4,0.3,4,105,1,0.0,0,0,0,0,34.8,0.0,38.0,-0.002,36.27,0,1,0.0,0
08-Mar-2025,10:00:00,60.5,83.7,12.8,98.6,644,4.2,0.8,1,95,1,0.0,0,0,0,0,45.8,0.0,42.7,0.037,36.33,0,1,0.0,0
08-Mar-2025,11:00:00,59.2,82.3,12.0,98.8,605,3.4,0.3,2,104,1,0.0,0,0,0,0,44.4,0.0,43.7,-0.01,36.36,0,4,0.0,0
08-Mar-2025,12:00:00,61.1,84.6,13.3,98.4,544,3.0,0.8,0,81,1,0.0,0,0,0,0,43.2,0.0,40.8,-0.045,36.48,0,2,0.0,0
08-Mar-2025,13:00:00,51.2,84.6,14.0,98.8,753,3.7,0.7,5,82,1,0.0,0,0,0,0,39.4,0.0,39.1,0.048,36.3,0,3,0.0,0
08-Mar-2025,14:00:00,57.5,79.8,11.5,98.3,640,3.3,0.4,4,83,1,0.0,0,0,0,0,36.2,0.0,36.4,0.02,36.32,0,2,0.0,0
08-Mar-2025,15:00:00,56.7,83.7,12.8,99.1,793,3.0,0.6,1,108,1,0.0,0,0,0,0,37.7,0.0,38.2,-0.036,36.33,0,5,0.0,0
08-Mar-2025,16:00:00,50.1,76.9,12.0,98.1,413,4.3,0.4,1,114,1,0.0,0,0,0,0,47.0,0.0,39.7,0.039,36.28,0,2,0.0,0
08-Mar-2025,17:00:00,51.4,77.7,13.3,98.9,409,4.7,0.6,0,109,1,0.0,0,0,0,0,30.5,0.0,35.3,0.008,36.28,0,4,0.0,12
08-Mar-2025,18:00:00,149.0,28.6,15.3,98.7,2743,12.9,5.4,0,639,1,0.0,0,0,0,0,43.1,65.8,42.3,-0.028,37.05,53,12,6.0,0
08-Mar-2025,19:00:00,52.4,79.9,13.7,99.2,628,4.4,0.3,2,80,1,0.0,0,0,0,0,43.2,0.0,44.1,-0.007,36.27,0,1,0.0,0
08-Mar-2025,20:00:00,63.0,81.2,12.3,99.3,451,3.9,0.7,5,85,1,0.0,0,0,0,0,47.5,0.0,41.0,-0.006,36.29,0,3,0.0,10
08-Mar-2025,21:00:00,64.6,82.7,13.3,98.2,674,3.1,0.6,5,119,1,0.0,0,0,0,0,34.0,0.0,44.4,0.032,36.24,0,5,0.0,0
08-Mar-2025,22:00:00,63.5,53.3,12.0,98.8,0,3.4,0.0,2,62,0,0.0,7,0,0,0,35.3,0.0,44.9,-0.035,36.44,0,2,0.0,0
08-Mar-2025,23:00:00,73.9,42.7,12.4,98.5,0,3.3,0.0,4,62,0,0.0,15,0,0,0,50.0,0.0,42.2,-0.018,36.43,0,0,0.0,0
09-Mar-2025,00:00:00,64.9,52.7,11.8,97.8,0,4.6,0.0,0,62,0,0.0,11,0,0,0,31.7,0.0,37.3,0.031,36.4,0,3,0.0,0
09-Mar-2025,01:00:00,71.4,56.7,12.0,98.1,0,4.4,0.0,0,62,0,0.0,14,0,0,0,41.2,0.0,44.1,-0.041,36.25,0,3,0.0,0
09-Mar-2025,02:00:00,73.1,52.5,12.2,98.9,0,3.0,0.0,5,62,0,6.5,8,20,61,16,38.8,0.0,37.0,0.01,36.49,0,5,0.0,0
09-Mar-2025,03:00:00,66.4,55.0,11.7,99.3,0,3.2,0.0,2,62,0,0.0,11,0,0,0,42.6,0.0,38.8,-0.037,36.34,0,5,0.0,0
09-Mar-2025,04:00:00,63.4,49.9,12.0,99.3,0,3.5,0.0,3,62,0,0.0,13,0,0,0,41.6,0.0,37.5,-0.015,36.45,0,0,0.0,0
09-Mar-2025,05:00:00,56.5,80.4,11.2,97.7,556,3.4,0.7,1,111,1,0.0,0,0,0,0,40.3,0.0,42.2,0.043,36.32,0,3,0.0,0
09-Mar-2025,06:00:00,64.9,75.6,12.2,99.0,627,4.3,0.7,2,89,1,0.0,0,0,0,0,41.6,0.0,35.3,-0.038,36.49,0,5,0.0,0
09-Mar-2025,07:00:00,124.6,29.2,20.8,98.3,2347,13.3,5.5,1,606,1,0.0,0,0,0,0,40.6,73.6,41.3,0.007,37.15,47,29,5.6,11
09-Mar-2025,08:00:00,53.2,83.6,11.1,98.6,548,4.3,0.5,2,98,1,0.0,0,0,0,0,31.8,0.0,35.3,-0.034,36.35,0,1,0.0,0
09-Mar-2025,09:00:00,57.7,80.8,13.2,99.4,413,3.2,0.6,3,86,1,0.0,0,0,0,0,43.3,0.0,35.2,0.001,36.44,0,5,0.0,0
09-Mar-2025,10:00:00,55.7,81.6,11.2,98.2,437,3.9,0.4,4,105,1,0.0,0,0,0,0,37.8,0.0,42.1,0.008,36.49,0,2,0.0,0
09-Mar-2025,11:00:00,53.1,82.0,11.7,98.6,729,4.7,0.4,0,106,1,0.0,0,0,0,0,33.5,0.0,39.4,0.001,36.34,0,5,0.0,0
09-Mar-2025,12:00:00,60.5,76.1,11.9,98.5,784,4.6,0.5,4,98,1,0.0,0,0,0,0,43.8,0.0,44.9,0.033,36.26,0,5,0.0,0
09-Mar-2025,13:00:00,56.2,82.2,11.3,98.5,491,3.2,0.8,3,111,1,0.0,0,0,0,0,45.4,0.0,40.6,-0.048,36.23,0,5,0.0,0
09-Mar-2025,14:00:00,62.0,78.2,12.6,97.5,799,4.7,0.5,5,105,1,0.0,0,0,0,0,30.2,0.0,35.1,0.016,36.27,0,4,0.0,0
09-Mar-2025,15:00:00,64.1,79.3,12.6,98.6,404,3.8,0.4,5,84,1,0.0,0,0,0,0,44.3,0.0,37.1,0.033,36.34,0,2,0.0,0
09-Mar-2025,16:00:00,50.4,84.3,11.4,97.8,605,4.6,0.5,3,118,1,0.0,0,0,0,0,40.2,0.0,38.8,-0.019,36.28,0,2,0.0,0
09-Mar-2025,17:00:00,64.6,76.2,11.8,98.1,564,5.0,0.7,4,94,1,0.0,0,0,0,0,43.6,0.0,41.7,-0.036,36.42,0,0,0.0,11
09-Mar-2025,18:00:00,135.0,31.9,12.9,97.5,2016,13.5,6.0,1,609,1,0.0,0,0,0,0,35.0,67.0,38.0,0.038,37.0,47,17,5.8,0
09-Mar-2025,19:00:00,54.3,77.8,12.9,98.8,456,3.6,0.3,5,117,1,0.0,0,0,0,0,30.9,0.0,39.4,0.018,36.5,0,0,0.0,0
09-Mar-2025,20:00:00,53.0,84.9,12.6,98.3,799,4.6,0.3,5,106,1,0.0,0,0,0,0,36.6,0.0,35.7,0.004,36.25,0,3,0.0,5
09-Mar-2025,21:00:00,52.6,84.5,12.6,98.4,762,3.0,0.7,4,113,1,0.0,0,0,0,0,44.0,0.0,39.9,0.03,36.37,0,3,0.0,0
09-Mar-2025,22:00:00,63.8,46.5,12.4,99.5,0,4.6,0.0,4,62,0,0.0,12,0,0,0,46.2,0.0,35.5,0.0,36.42,0,1,0.0,0
09-Mar-2025,23:00:00,64.0,56.7,11.8,98.7,0,3.9,0.0,1,62,0,0.0,9,0,0,0,32.9,0.0,38.7,-0.022,36.34,0,2,0.0,0
10-Mar-2025,00:00:00,71.7,52.8,12.4,98.7,0,4.0,0.0,5,62,0,0.0,7,0,0,0,47.7,0.0,42.5,-0.011,36.3,0,0,0.0,0
10-Mar-2025,01:00:00,75.0,47.6,12.8,98.2,0,4.1,0.0,1,62,0,0.0,10,0,0,0,37.4,0.0,37.0,-0.01,36.23,0,1,0.0,0
10-Mar-2025,02:00:00,64.6,49.2,12.3,97.6,0,5.0,0.0,4,62,0,6.5,13,22,54,18,49.4,0.0,36.0,-0.03,36.5,0,5,0.0,0
10-Mar-2025,03:00:00,65.8,52.3,13.5,97.6,0,4.3,0.0,2,62,0,0.0,9,0,0,0,38.7,0.0,38.4,0.042,36.48,0,3,0.0,0
10-Mar-2025,04:00:00,66.0,48.8,12.5,99.5,0,3.5,0.0,4,62,0,0.0,5,0,0,0,36.6,0.0,40.5,0.042,36.5,0,2,0.0,0
10-Mar-2025,05:00:00,61.0,80.5,13.9,98.4,781,3.4,0.7,2,115,1,0.0,0,0,0,0,30.5,0.0,41.7,0.042,36.36,0,5,0.0,0
10-Mar-2025,06:00:00,63.0,80.9,11.6,98.2,535,4.4,0.4,1,85,1,0.0,0,0,0,0,46.6,0.0,38.4,-0.049,36.31,0,4,0.0,0
10-Mar-2025,07:00:00,123.4,27.6,14.9,99.3,2524,12.9,6.0,2,638,1,0.0,0,0,0,0,41.6,66.4,42.7,-0.016,37.16,48,6,5.7,10
10-Mar-2025,08:00:00,60.1,79.6,13.7,99.0,514,3.9,0.4,4,114,1,0.0,0,0,0,0,45.8,0.0,38.0,-0.021,36.45,0,3,0.0,0
10-Mar-2025,09:00:00,58.2,75.7,13.8,98.5,698,3.2,0.3,2,86,1,0.0,0,0,0,0,38.5,0.0,40.2,0.04,36.46,0,0,0.0,0
10-Mar-2025,10:00:00,56.8,79.4,12.1,98.3,413,4.0,0.5,0,117,1,0.0,0,0,0,0,43.0,0.0,39.4,-0.009,36.21,0,1,0.0,0
10-Mar-2025,11:00:00,59.7,76.5,12.9,98.2,727,3.8,0.6,1,84,1,0.0,0,0,0,0,48.2,0.0,43.6,0.031,36.42,0,3,0.0,0
10-Mar-2025,12:00:00,64.1,83.6,12.6,97.5,591,4.4,0.3,2,117,1,0.0,0,0,0,0,41.0,0.0,37.7,0.041,36.39,0,4,0.0,0
10-Mar-2025,13:00:00,55.3,81.2,12.9,98.3,572,4.7,0.5,4,97,1,0.0,0,0,0,0,31.7,0.0,40.4,0.012,36.48,0,0,0.0,0
10-Mar-2025,14:00:00,58.4,78.0,13.7,97.7,604,3.5,0.7,3,92,1,0.0,0,0,0,0,46.9,0.0,38.8,-0.013,36.38,0,4,0.0,0
10-Mar-2025,15:00:00,56.4,84.7,13.6,98.0,652,4.1,0.7,4,98,1,0.0,0,0,0,0,39.4,0.0,40.1,0.001,36.49,0,5,0.0,0
10-Mar-2025,16:00:00,52.3,84.2,11.1,99.3,775,3.5,0.5,3,89,1,0.0,0,0,0,0,49.2,0.0,43.6,-0.008,36.35,0,3,0.0,0
10-Mar-2025,17:00:00,54.7,79.3,13.5,98.4,586,3.0,0.7,5,119,1,0.0,0,0,0,0,34.6,0.0,44.9,0.008,36.28,0,3,0.0,15
10-Mar-2025,18:00:00,146.2,29.3,17.5,99.3,2118,13.0,5.2,3,578,1,0.0,0,0,0,0,46.8,68.5,41.7,0.008,36.91,54,30,5.8,0
10-Mar-2025,19:00:00,55.7,77.3,13.8,98.6,655,3.5,0.4,1,84,1,0.0,0,0,0,0,36.7,0.0,40.2,-0.008,36.41,0,3,0.0,0
10-Mar-2025,20:00:00,59.1,79.1,11.1,99.0,620,3.2,0.6,2,107,1,0.0,0,0,0,0,37.8,0.0,37.3,-0.022,36.33,0,3,0.0,12
10-Mar-2025,21:00:00,59.7,76.9,11.5,97.9,482,4.0,0.8,4,118,1,0.0,0,0,0,0,34.1,0.0,39.6,-0.017,36.3,0,3,0.0,0
10-Mar-2025,22:00:00,70.8,43.6,11.9,98.5,0,4.2,0.0,0,62,0,0.0,7,0,0,0,33.0,0.0,38.7,-0.018,36.44,0,2,0.0,0
10-Mar-2025,23:00:00,72.0,48.7,11.4,98.6,0,4.3,0.0,5,62,0,0.0,12,0,0,0,49.6,0.0,38.0,0.007,36.25,0,5,0.0,0
11-Mar-2025,00:00:00,69.2,47.5,11.7,99.2,0,5.0,0.0,4,62,0,0.0,7,0,0,0,36.8,0.0,42.2,-0.037,36.33,0,3,0.0,0
11-Mar-2025,01:00:00,69.5,57.9,13.9,98.9,0,3.7,0.0,0,62,0,0.0,9,0,0,0,33.6,0.0,42.7,0.026,36.24,0,4,0.0,0
11-Mar-2025,02:00:00,73.0,48.1,12.2,98.0,0,4.4,0.0,2,62,0,6.5,8,20,57,19,40.0,0.0,36.4,0.018,36.43,0,3,0.0,0
11-Mar-2025,03:00:00,69.8,42.6,12.9,97.9,0,3.4,0.0,0,62,0,0.0,13,0,0,0,48.4,0.0,39.1,-0.025,36.42,0,2,0.0,0
11-Mar-2025,04:00:00,72.7,41.9,12.3,97.8,0,4.4,0.0,0,62,0,0.0,8,0,0,0,39.8,0.0,35.4,-0.043,36.34,0,3,0.0,0
11-Mar-2025,05:00:00,58.3,78.3,14.0,98.6,665,4.6,0.6,0,86,1,0.0,0,0,0,0,45.0,0.0,36.5,-0.005,36.47,0,4,0.0,0
11-Mar-2025,06:00:00,51.2,77.9,11.4,97.9,727,3.1,0.3,5,100,1,0.0,0,0,0,0,33.7,0.0,39.4,0.047,36.23,0,3,0.0,0
11-Mar-2025,07:00:00,148.2,33.4,15.4,98.5,2263,12.3,5.2,5,610,1,0.0,0,0,0,0,36.4,72.6,36.7,0.004,37.15,45,10,5.9,14
11-Mar-2025,08:00:00,56.9,82.2,12.8,98.3,759,4.6,0.6,4,101,1,0.0,0,0,0,0,41.3,0.0,36.9,0.004,36.22,0,1,0.0,0
11-Mar-2025,09:00:00,58.3,78.4,11.9,97.8,551,4.4,0.6,3,119,1,0.0,0,0,0,0,44.2,0.0,41.5,0.026,36.37,0,0,0.0,0
11-Mar-2025,10:00:00,52.9,80.4,12.2,99.4,798,4.8,0.5,1,103,1,0.0,0,0,0,0,46.4,0.0,39.1,-0.004,36.24,0,1,0.0,0
11-Mar-2025,11:00:00,56.4,83.9,11.5,98.3,498,4.2,0.6,1,89,1,0.0,0,0,0,0,34.3,0.0,38.4,0.022,36.34,0,3,0.0,0
11-Mar-2025,12:00:00,59.1,76.4,12.6,99.4,439,3.6,0.7,5,81,1,0.0,0,0,0,0,34.2,0.0,35.1,0.018,36.32,0,5,0.0,0
11-Mar-2025,13:00:00,50.5,82.1,11.9,99.3,606,4.9,0.7,5,113,1,0.0,0,0,0,0,46.8,0.0,44.7,0.043,36.5,0,2,0.0,0
11-Mar-2025,14:00:00,51.1,78.8,13.1,99.0,483,4.9,0.8,3,104,1,0.0,0,0,0,0,32.3,0.0,42.2,0.027,36.27,0,1,0.0,0
11-Mar-2025,15:00:00,64.7,82.4,12.9,97.7,526,3.1,0.6,4,87,1,0.0,0,0,0,0,35.9,0.0,43.0,-0.039,36.3,0,3,0.0,0
11-Mar-2025,16:00:00,53.2,75.9,11.6,99.1,744,3.6,0.6,4,120,1,0.0,0,0,0,0,48.0,0.0,43.4,0.005,36.22,0,4,0.0,0
11-Mar-2025,17:00:00,52.7,83.9,13.8,97.7,409,4.1,0.6,5,117,1,0.0,0,0,0,0,45.7,0.0,42.6,0.024,36.22,0,1,0.0,12
11-Mar-2025,18:00:00,121.6,25.2,17.8,99.3,2650,12.3,5.7,4,609,1,0.0,0,0,0,0,35.1,70.7,36.9,-0.003,36.93,49,8,5.8,0
11-Mar-2025,19:00:00,52.1,81.4,12.8,99.1,564,3.5,0.8,4,90,1,0.0,0,0,0,0,46.1,0.0,43.3,-0.009,36.48,0,3,0.0,0
11-Mar-2025,20:00:00,59.2,82.5,11.2,98.7,581,5.0,0.6,4,87,1,0.0,0,0,0,0,45.2,0.0,35.6,-0.0,36.3,0,4,0.0,7
11-Mar-2025,21:00:00,64.9,85.0,13.2,98.3,768,3.1,0.7,5,86,1,0.0,0,0,0,0,43.9,0.0,36.8,0.019,36.46,0,3,0.0,0
11-Mar-2025,22:00:00,69.3,46.9,12.4,97.6,0,3.1,0.0,1,62,0,0.0,10,0,0,0,42.7,0.0,36.6,0.004,36.29,0,3,0.0,0
11-Mar-2025,23:00:00,61.3,59.7,12.2,99.0,0,4.0,0.0,2,62,0,0.0,5,0,0,0,38.7,0.0,44.7,-0.044,36.42,0,4,0.0,0
12-Mar-2025,00:00:00,65.4,40.8,12.9,97.9,0,4.7,0.0,1,62,0,0.0,9,0,0,0,45.1,0.0,41.3,0.031,36.25,0,1,0.0,0
12-Mar-2025,01:00:00,66.6,41.9,12.8,98.4,0,4.5,0.0,0,62,0,0.0,5,0,0,0,47.3,0.0,39.7,-0.007,36.33,0,5,0.0,0
12-Mar-2025,02:00:00,71.8,46.6,11.0,99.4,0,3.3,0.0,0,62,0,6.5,9,23,61,25,44.9,0.0,44.2,0.046,36.4,0,4,0.0,0
12-Mar-2025,03:00:00,70.4,41.3,13.6,99.2,0,4.0,0.0,2,62,0,0.0,10,0,0,0,30.7,0.0,35.7,0.008,36.39,0,0,0.0,0
12-Mar-2025,04:00:00,60.7,41.2,12.1,98.8,0,4.9,0.0,2,62,0,0.0,8,0,0,0,34.9,0.0,41.5,0.049,36.42,0,4,0.0,0
12-Mar-2025,05:00:00,60.2,79.8,12.2,97.9,736,4.2,0.8,3,83,1,0.0,0,0,0,0,31.3,0.0,43.4,-0.049,36.35,0,3,0.0,0
12-Mar-2025,06:00:00,64.1,84.5,11.1,98.4,749,4.3,0.5,5,120,1,0.0,0,0,0,0,43.2,0.0,36.3,-0.012,36.22,0,2,0.0,0
12-Mar-2025,07:00:00,129.3,28.6,14.5,97.7,2643,13.7,5.3,3,556,1,0.0,0,0,0,0,34.4,66.5,39.0,0.012,37.01,58,31,5.6,10
12-Mar-2025,08:00:00,63.1,79.7,12.2,97.9,479,4.4,0.6,3,91,1,0.0,0,0,0,0,45.3,0.0,38.6,-0.046,36.48,0,5,0.0,0
12-Mar-2025,09:00:00,64.1,75.9,12.2,97.8,690,3.5,0.7,2,92,1,0.0,0,0,0,0,45.1,0.0,40.7,0.024,36.34,0,2,0.0,0
12-Mar-2025,10:00:00,58.6,81.5,12.0,98.2,658,4.9,0.7,5,104,1,0.0,0,0,0,0,35.0,0.0,39.4,-0.035,36.29,0,1,0.0,0
12-Mar-2025,11:00:00,51.3,84.1,13.0,98.5,481,4.1,0.6,4,83,1,0.0,0,0,0,0,47.5,0.0,41.1,0.034,36.37,0,4,0.0,0
12-Mar-2025,12:00:00,55.6,82.0,12.9,98.7,574,3.4,0.6,3,119,1,0.0,0,0,0,0,36.3,0.0,40.3,-0.043,36.25,0,2,0.0,0
12-Mar-2025,13:00:00,63.6,77.6,11.0,98.2,557,3.3,0.3,0,97,1,0.0,0,0,0,0,36.9,0.0,37.0,0.007,36.34,0,0,0.0,0
12-Mar-2025,14:00:00,58.3,76.1,13.0,98.0,547,3.1,0.7,0,90,1,0.0,0,0,0,0,43.7,0.0,39.8,-0.026,36.24,0,0,0.0,0
12-Mar-2025,15:00:00,62.7,82.8,13.6,99.1,641,4.2,0.8,0,107,1,0.0,0,0,0,0,36.5,0.0,35.6,-0.026,36.48,0,0,0.0,0
12-Mar-2025,16:00:00,59.8,84.2,11.3,97.7,723,3.4,0.4,4,87,1,0.0,0,0,0,0,31.3,0.0,40.2,0.019,36.38,0,3,0.0,0
12-Mar-2025,17:00:00,63.2,83.5,12.0,98.7,648,4.1,0.4,5,84,1,0.0,0,0,0,0,33.2,0.0,35.2,0.001,36.4,0,2,0.0,6
12-Mar-2025,18:00:00,134.0,33.3,12.4,98.4,2640,13.1,5.9,3,551,1,0.0,0,0,0,0,47.3,70.0,44.8,0.027,36.92,46,31,6.0,0
12-Mar-2025,19:00:00,56.0,82.7,12.4,97.6,538,3.8,0.6,2,112,1,0.0,0,0,0,0,35.5,0.0,44.8,0.043,36.43,0,5,0.0,0
12-Mar-2025,20:00:00,60.8,77.7,12.6,99.1,608,4.0,0.8,4,101,1,0.0,0,0,0,0,42.9,0.0,40.3,0.044,36.31,0,1,0.0,5
12-Mar-2025,21:00:00,54.5,80.3,13.2,98.2,577,3.6,0.8,4,89,1,0.0,0,0,0,0,48.0,0.0,40.1,0.044,36.41,0,2,0.0,0
12-Mar-2025,22:00:00,71.2,59.4,12.5,97.6,0,4.3,0.0,4,62,0,0.0,15,0,0,0,44.0,0.0,44.9,0.03,36.35,0,4,0.0,0
12-Mar-2025,23:00:00,70.5,40.1,11.3,98.2,0,3.1,0.0,1,62,0,0.0,5,0,0,0,30.6,0.0,36.4,0.023,36.35,0,2,0.0,0
13-Mar-2025,00:00:00,64.2,52.7,12.2,99.2,0,3.1,0.0,5,62,0,0.0,9,0,0,0,39.5,0.0,42.9,-0.031,36.49,0,5,0.0,0
13-Mar-2025,01:00:00,65.2,42.5,12.9,99.0,0,4.6,0.0,0,62,0,0.0,5,0,0,0,45.9,0.0,37.9,0.0,36.47,0,2,0.0,0
13-Mar-2025,02:00:00,61.5,44.1,12.9,99.1,0,3.4,0.0,2,62,0,6.5,12,22,63,18,49.5,0.0,37.0,-0.011,36.28,0,2,0.0,0
13-Mar-2025,03:00:00,61.6,56.7,13.3,97.8,0,4.1,0.0,5,62,0,0.0,6,0,0,0,30.4,0.0,42.5,-0.034,36.3,0,2,0.0,0
13-Mar-2025,04:00:00,66.2,44.1,13.3,98.8,0,4.3,0.0,5,62,0,0.0,9,0,0,0,44.5,0.0,40.2,-0.039,36.45,0,2,0.0,0
13-Mar-2025,05:00:00,58.7,82.1,12.6,99.4,792,4.7,0.4,1,94,1,0.0,0,0,0,0,47.4,0.0,38.3,-0.003,36.48,0,2,0.0,0
13-Mar-2025,06:00:00,57.9,78.8,13.1,98.0,576,3.7,0.6,3,81,1,0.0,0,0,0,0,47.3,0.0,44.5,0.025,36.37,0,3,0.0,0
13-Mar-2025,07:00:00,130.3,29.7,11.6,98.9,2611,12.1,5.0,0,646,1,0.0,0,0,0,0,41.1,65.5,38.6,-0.03,36.95,55,24,6.3,6
13-Mar-2025,08:00:00,62.4,81.8,11.5,99.1,430,3.8,0.5,0,103,1,0.0,0,0,0,0,49.7,0.0,44.3,0.024,36.35,0,5,0.0,0
13-Mar-2025,09:00:00,64.0,78.3,11.3,98.6,685,4.3,0.4,4,84,1,0.0,0,0,0,0,33.1,0.0,37.7,0.039,36.31,0,5,0.0,0
13-Mar-2025,10:00:00,65.0,78.6,11.9,98.7,777,3.1,0.8,2,106,1,0.0,0,0,0,0,47.9,0.0,39.4,-0.025,36.44,0,0,0.0,0
13-Mar-2025,11:00:00,60.5,77.0,11.3,98.7,754,3.0,0.7,0,102,1,0.0,0,0,0,0,46.6,0.0,36.3,-0.007,36.33,0,3,0.0,0
13-Mar-2025,12:00:00,53.9,84.9,12.4,98.4,434,3.7,0.7,1,94,1,0.0,0,0,0,0,33.3,0.0,41.2,-0.009,36.32,0,5,0.0,0
13-Mar-2025,13:00:00,60.8,77.5,13.0,98.1,428,3.8,0.7,3,114,1,0.0,0,0,0,0,41.5,0.0,39.7,0.015,36.43,0,1,0.0,0
13-Mar-2025,14:00:00,51.4,82.7,12.5,99.2,753,3.0,0.7,4,91,1,0.0,0,0,0,0,35.7,0.0,42.9,0.019,36.35,0,2,0.0,0
13-Mar-2025,15:00:00,51.0,84.6,11.2,97.9,591,3.9,0.4,0,115,1,0.0,0,0,0,0,39.5,0.0,36.2,-0.007,36.48,0,2,0.0,0
13-Mar-2025,16:00:00,55.2,80.9,13.5,99.3,546,3.2,0.4,2,104,1,0.0,0,0,0,0,45.8,0.0,37.5,-0.039,36.23,0,5,0.0,0
13-Mar-2025,17:00:00,61.1,78.3,12.7,99.0,692,3.4,0.5,4,93,1,0.0,0,0,0,0,46.5,0.0,39.3,0.005,36.34,0,5,0.0,11
13-Mar-2025,18:00:00,124.2,28.8,19.0,97.9,2296,13.2,5.4,5,634,1,0.0,0,0,0,0,47.9,73.3,43.6,-0.028,37.05,49,12,6.5,0
13-Mar-2025,19:00:00,62.7,78.8,13.0,98.5,563,4.8,0.8,2,98,1,0.0,0,0,0,0,31.6,0.0,44.4,-0.025,36.43,0,5,0.0,0
13-Mar-2025,20:00:00,59.8,76.3,11.3,98.5,633,4.8,0.5,0,116,1,0.0,0,0,0,0,49.4,0.0,40.7,0.036,36.2,0,3,0.0,13
13-Mar-2025,21:00:00,57.7,82.2,12.0,99.5,554,3.3,0.6,1,104,1,0.0,0,0,0,0,49.9,0.0,39.8,0.001,36.49,0,1,0.0,0
13-Mar-2025,22:00:00,67.4,43.2,13.4,98.7,0,3.7,0.0,5,62,0,0.0,13,0,0,0,33.0,0.0,35.4,0.028,36.23,0,3,0.0,0
13-Mar-2025,23:00:00,67.7,55.8,12.4,99.5,0,3.9,0.0,0,62,0,0.0,7,0,0,0,46.0,0.0,35.8,-0.002,36.43,0,0,0.0,0
14-Mar-2025,00:00:00,72.9,41.2,13.6,97.6,0,3.9,0.0,2,62,0,0.0,12,0,0,0,39.5,0.0,43.9,-0.043,36.38,0,1,0.0,0
14-Mar-2025,01:00:00,65.8,58.9,13.7,98.8,0,3.5,0.0,3,62,0,0.0,11,0,0,0,37.8,0.0,42.8,0.007,36.3,0,3,0.0,0
14-Mar-2025,02:00:00,71.9,42.1,12.7,97.9,0,4.8,0.0,3,62,0,6.5,5,22,58,23,37.2,0.0,44.6,0.001,36.31,0,4,0.0,0
14-Mar-2025,03:00:00,61.8,57.0,12.1,97.7,0,4.3,0.0,2,62,0,0.0,15,0,0,0,32.9,0.0,43.5,-0.032,36.3,0,3,0.0,0
14-Mar-2025,04:00:00,63.1,45.1,13.5,97.6,0,3.8,0.0,2,62,0,0.0,6,0,0,0,36.3,0.0,42.0,0.001,36.25,0,3,0.0,0
14-Mar-2025,05:00:00,64.5,75.2,12.3,98.1,550,3.1,0.8,0,93,1,0.0,0,0,0,0,37.8,0.0,40.8,0.012,36.32,0,1,0.0,0
14-Mar-2025,06:00:00,62.5,78.0,12.5,99.3,754,4.3,0.5,1,116,1,0.0,0,0,0,0,31.8,0.0,44.3,0.05,36.36,0,0,0.0,0
14-Mar-2025,07:00:00,137.7,33.3,13.3,98.5,2391,13.3,5.1,4,608,1,0.0,0,0,0,0,36.8,68.3,39.2,-0.042,36.93,45,35,6.2,5
14-Mar-2025,08:00:00,53.2,77.6,12.5,98.3,678,3.9,0.7,1,93,1,0.0,0,0,0,0,35.2,0.0,42.1,-0.002,36.4,0,2,0.0,0
14-Mar-2025,09:00:00,60.5,82.0,11.1,99.2,493,4.3,0.5,0,100,1,0.0,0,0,0,0,32.1,0.0,39.4,-0.035,36.41,0,2,0.0,0
14-Mar-2025,10:00:00,64.6,82.5,12.0,98.2,573,3.4,0.6,4,105,1,0.0,0,0,0,0,42.7,0.0,41.9,-0.005,36.34,0,5,0.0,0
14-Mar-2025,11:00:00,63.1,75.4,12.4,99.0,668,4.2,0.7,2,115,1,0.0,0,0,0,0,32.2,0.0,44.5,-0.023,36.34,0,3,0.0,0
14-Mar-2025,12:00:00,51.3,83.5,11.5,97.9,536,4.7,0.7,0,115,1,0.0,0,0,0,0,47.2,0.0,43.8,-0.012,36.35,0,3,0.0,0
14-Mar-2025,13:00:00,62.8,79.5,13.7,99.0,727,4.4,0.5,2,96,1,0.0,0,0,0,0,35.1,0.0,42.1,0.041,36.36,0,0,0.0,0
14-Mar-2025,14:00:00,62.3,81.6,13.7,99.0,406,4.6,0.5,0,92,1,0.0,0,0,0,0,36.5,0.0,42.9,0.026,36.47,0,0,0.0,0
14-Mar-2025,15:00:00,61.0,76.0,13.1,99.2,517,4.9,0.5,2,96,1,0.0,0,0,0,0,43.3,0.0,44.7,0.047,36.44,0,5,0.0,0
14-Mar-2025,16:00:00,64.5,80.4,11.8,99.2,756,3.0,0.6,5,91,1,0.0,0,0,0,0,36.7,0.0,43.7,0.048,36.38,0,5,0.0,0
14-Mar-2025,17:00:00,64.4,80.0,12.5,98.2,432,3.2,0.5,3,118,1,0.0,0,0,0,0,33.8,0.0,39.0,-0.007,36.48,0,3,0.0,5
14-Mar-2025,18:00:00,129.2,29.4,21.9,99.0,2786,13.1,5.6,4,612,1,0.0,0,0,0,0,31.8,70.2,39.9,-0.042,37.04,56,4,5.6,0
14-Mar-2025,19:00:00,55.8,79.4,13.1,98.2,436,3.7,0.6,1,92,1,0.0,0,0,0,0,35.1,0.0,41.6,-0.018,36.27,0,2,0.0,0
14-Mar-2025,20:00:00,58.1,78.3,13.8,99.3,638,4.4,0.4,1,112,1,0.0,0,0,0,0,41.9,0.0,37.0,0.01,36.42,0,1,0.0,12
14-Mar-2025,21:00:00,53.4,80.0,13.2,98.9,489,3.2,0.6,5,94,1,0.0,0,0,0,0,47.4,0.0,44.9,-0.035,36.34,0,2,0.0,0
14-Mar-2025,22:00:00,62.2,47.4,12.1,97.8,0,3.1,0.0,4,62,0,0.0,10,0,0,0,42.1,0.0,36.5,-0.003,36.37,0,0,0.0,0
14-Mar-2025,23:00:00,67.1,45.0,11.5,98.9,0,4.5,0.0,3,62,0,0.0,14,0,0,0,39.9,0.0,44.0,-0.024,36.47,0,4,0.0,0
15-Mar-2025,00:00:00,69.4,56.1,12.2,97.8,0,4.0,0.0,2,62,0,0.0,7,0,0,0,45.5,0.0,39.8,-0.005,36.41,0,0,0.0,0
15-Mar-2025,01:00:00,65.3,46.0,12.6,98.9,0,4.6,0.0,0,62,0,0.0,14,0,0,0,39.0,0.0,37.3,-0.049,36.26,0,4,0.0,0
15-Mar-2025,02:00:00,63.5,58.2,11.8,97.6,0,4.3,0.0,1,62,0,6.5,14,22,60,18,31.1,0.0,43.8,-0.017,36.28,0,5,0.0,0
15-Mar-2025,03:00:00,67.3,57.9,13.9,98.1,0,3.5,0.0,3,62,0,0.0,15,0,0,0,49.2,0.0,37.1,-0.05,36.35,0,2,0.0,0
15-Mar-2025,04:00:00,72.1,45.2,11.4,98.1,0,4.2,0.0,2,62,0,0.0,8,0,0,0,49.6,0.0,42.4,-0.026,36.39,0,0,0.0,0
15-Mar-2025,05:00:00,53.5,76.5,13.0,99.3,775,5.0,0.7,2,98,1,0.0,0,0,0,0,44.4,0.0,43.0,-0.026,36.34,0,3,0.0,0
15-Mar-2025,06:00:00,61.8,84.4,13.0,99.1,445,3.4,0.3,2,117,1,0.0,0,0,0,0,44.4,0.0,38.5,0.023,36.4,0,1,0.0,0
15-Mar-2025,07:00:00,127.4,31.0,16.9,98.0,2145,13.4,5.8,0,589,1,0.0,0,0,0,0,47.4,74.5,44.2,-0.017,36.97,49,35,5.8,14
15-Mar-2025,08:00:00,60.5,77.1,12.0,99.0,654,5.0,0.7,5,95,1,0.0,0,0,0,0,31.2,0.0,42.1,-0.006,36.37,0,5,0.0,0
15-Mar-2025,09:00:00,54.5,81.3,13.4,97.7,414,4.3,0.3,0,119,1,0.0,0,0,0,0,44.2,0.0,40.4,0.044,36.32,0,4,0.0,0
15-Mar-2025,10:00:00,56.0,75.1,12.8,98.4,502,3.3,0.5,1,120,1,0.0,0,0,0,0,38.2,0.0,40.5,-0.04,36.43,0,0,0.0,0
15-Mar-2025,11:00:00,60.4,79.7,12.4,99.4,524,3.5,0.4,2,97,1,0.0,0,0,0,0,42.1,0.0,36.9,-0.02,36.3,0,1,0.0,0
15-Mar-2025,12:00:00,51.4,75.2,12.7,98.3,734,4.9,0.3,2,85,1,0.0,0,0,0,0,39.4,0.0,38.1,-0.021,36.33,0,2,0.0,0
15-Mar-2025,13:00:00,51.1,75.7,11.2,98.6,447,4.1,0.7,2,83,1,0.0,0,0,0,0,36.6,0.0,38.4,0.013,36.34,0,4,0.0,0
15-Mar-2025,14:00:00,50.1,75.7,13.0,97.5,523,3.7,0.8,2,99,1,0.0,0,0,0,0,47.0,0.0,37.3,0.047,36.48,0,2,0.0,0
15-Mar-2025,15:00:00,56.4,77.3,12.0,98.6,491,4.6,0.5,1,94,1,0.0,0,0,0,0,39.1,0.0,42.7,0.007,36.4,0,4,0.0,0
15-Mar-2025,16:00:00,55.0,80.2,13.6,99.1,644,4.4,0.3,2,100,1,0.0,0,0,0,0,36.7,0.0,42.3,0.015,36.45,0,0,0.0,0
15-Mar-2025,17:00:00,61.1,83.5,13.1,98.3,660,4.7,0.4,0,94,1,0.0,0,0,0,0,31.8,0.0,42.6,-0.026,36.27,0,4,0.0,12
15-Mar-2025,18:00:00,136.0,30.9,19.5,98.5,2062,14.0,5.2,2,578,1,0.0,0,0,0,0,42.3,71.9,38.0,0.002,36.97,59,34,6.1,0
15-Mar-2025,19:00:00,60.0,83.6,12.5,97.7,537,4.0,0.5,2,110,1,0.0,0,0,0,0,44.9,0.0,44.8,-0.048,36.37,0,2,0.0,0
15-Mar-2025,20:00:00,59.0,75.6,11.3,99.3,415,4.2,0.5,4,114,1,0.0,0,0,0,0,40.0,0.0,44.4,0.015,36.43,0,0,0.0,5
15-Mar-2025,21:00:00,50.7,78.0,12.7,98.0,620,3.9,0.7,4,100,1,0.0,0,0,0,0,31.2,0.0,38.5,0.023,36.32,0,3,0.0,0
15-Mar-2025,22:00:00,63.7,56.0,12.3,98.5,0,4.7,0.0,1,62,0,0.0,14,0,0,0,36.8,0.0,44.2,-0.01,36.48,0,2,0.0,0
15-Mar-2025,23:00:00,60.0,42.3,13.6,98.5,0,4.1,0.0,1,62,0,0.0,5,0,0,0,35.8,0.0,35.4,-0.049,36.37,0,4,0.0,0
16-Mar-2025,00:00:00,67.7,56.2,11.9,99.1,0,4.2,0.0,0,62,0,0.0,10,0,0,0,42.3,0.0,44.1,0.01,36.49,0,1,0.0,0
16-Mar-2025,01:00:00,67.1,42.7,13.3,99.1,0,4.6,0.0,2,62,0,0.0,13,0,0,0,37.0,0.0,37.8,-0.036,36.24,0,4,0.0,0
16-Mar-2025,02:00:00,66.1,42.0,11.1,98.0,0,3.7,0.0,4,62,0,6.5,9,22,57,22,36.1,0.0,42.0,-0.045,36.32,0,2,0.0,0
16-Mar-2025,03:00:00,60.1,45.1,11.0,98.2,0,4.7,0.0,3,62,0,0.0,6,0,0,0,50.0,0.0,37.3,0.02,36.31,0,1,0.0,0
16-Mar-2025,04:00:00,71.6,57.1,13.0,98.9,0,3.5,0.0,2,62,0,0.0,15,0,0,0,41.7,0.0,37.3,-0.029,36.26,0,4,0.0,0
16-Mar-2025,05:00:00,61.9,79.4,12.9,99.3,740,4.5,0.7,0,83,1,0.0,0,0,0,0,33.8,0.0,36.1,-0.049,36.38,0,1,0.0,0
16-Mar-2025,06:00:00,55.6,80.0,11.2,99.0,774,4.7,0.7,1,119,1,0.0,0,0,0,0,48.5,0.0,42.5,-0.024,36.41,0,3,0.0,0
16-Mar-2025,07:00:00,124.8,34.6,19.7,99.0,2716,12.4,5.1,0,569,1,0.0,0,0,0,0,43.6,73.9,41.8,0.039,37.0,59,26,5.6,5
16-Mar-2025,08:00:00,52.3,77.6,13.5,99.0,516,4.2,0.4,1,94,1,0.0,0,0,0,0,41.3,0.0,44.3,-0.018,36.28,0,3,0.0,0
16-Mar-2025,09:00:00,56.9,80.4,13.0,98.2,498,3.1,0.6,0,116,1,0.0,0,0,0,0,47.7,0.0,40.9,0.049,36.39,0,4,0.0,0
16-Mar-2025,10:00:00,51.6,77.1,11.5,98.1,757,4.7,0.7,3,96,1,0.0,0,0,0,0,37.7,0.0,44.3,-0.013,36.33,0,5,0.0,0
16-Mar-2025,11:00:00,55.5,84.3,11.0,98.2,783,3.1,0.4,2,80,1,0.0,0,0,0,0,42.1,0.0,40.9,-0.035,36.29,0,2,0.0,0
16-Mar-2025,12:00:00,57.9,76.4,11.1,99.2,465,4.9,0.8,0,119,1,0.0,0,0,0,0,40.6,0.0,40.0,0.009,36.24,0,5,0.0,0
16-Mar-2025,13:00:00,58.3,77.3,13.6,99.2,478,3.3,0.4,4,102,1,0.0,0,0,0,0,32.3,0.0,42.7,0.01,36.41,0,3,0.0,0
16-Mar-2025,14:00:00,57.9,78.5,11.9,98.2,708,4.3,0.7,3,87,1,0.0,0,0,0,0,44.6,0.0,40.4,0.015,36.39,0,4,0.0,0
16-Mar-2025,15:00:00,64.0,80.0,13.6,97.6,447,3.6,0.7,1,106,1,0.0,0,0,0,0,33.0,0.0,44.7,0.035,36.4,0,0,0.0,0
16-Mar-2025,16:00:00,58.5,76.2,13.7,99.3,743,4.8,0.4,5,84,1,0.0,0,0,0,0,48.8,0.0,41.8,-0.048,36.3,0,5,0.0,0
16-Mar-2025,17:00:00,61.4,79.9,13.2,98.5,608,4.3,0.7,5,104,1,0.0,0,0,0,0,35.3,0.0,37.9,-0.023,36.28,0,5,0.0,11
16-Mar-2025,18:00:00,140.8,34.3,12.3,98.4,2065,13.5,5.9,0,595,1,0.0,0,0,0,0,38.4,68.0,44.9,0.047,37.12,58,19,5.7,0
16-Mar-2025,19:00:00,60.4,84.5,11.3,97.7,773,4.6,0.8,4,119,1,0.0,0,0,0,0,31.3,0.0,38.9,-0.047,36.35,0,1,0.0,0
16-Mar-2025,20:00:00,58.2,77.6,11.6,97.8,597,4.8,0.7,3,85,1,0.0,0,0,0,0,36.5,0.0,37.3,0.045,36.33,0,5,0.0,7
16-Mar-2025,21:00:00,56.2,77.1,11.3,98.7,686,3.7,0.7,4,114,1,0.0,0,0,0,0,41.9,0.0,35.6,0.028,36.42,0,3,0.0,0
16-Mar-2025,22:00:00,65.1,43.9,12.0,99.1,0,3.1,0.0,1,62,0,0.0,14,0,0,0,30.8,0.0,41.3,0.05,36.45,0,1,0.0,0
16-Mar-2025,23:00:00,66.4,50.2,12.7,98.8,0,4.8,0.0,1,62,0,0.0,8,0,0,0,46.1,0.0,40.6,0.021,36.22,0,3,0.0,0
17-Mar-2025,00:00:00,70.6,46.4,11.3,98.7,0,3.7,0.0,5,62,0,0.0,13,0,0,0,32.1,0.0,38.8,0.0,36.38,0,0,0.0,0
17-Mar-2025,01:00:00,62.3,55.2,12.6,99.0,0,4.1,0.0,3,62,0,0.0,11,0,0,0,36.0,0.0,42.1,0.028,36.32,0,3,0.0,0
17-Mar-2025,02:00:00,64.2,43.1,11.4,98.2,0,3.4,0.0,1,62,0,6.5,10,21,55,25,34.3,0.0,39.7,0.008,36.29,0,0,0.0,0
17-Mar-2025,03:00:00,64.2,52.2,13.2,97.7,0,3.3,0.0,5,62,0,0.0,11,0,0,0,35.4,0.0,40.8,0.032,36.26,0,5,0.0,0
17-Mar-2025,04:00:00,62.3,40.8,12.7,98.6,0,4.6,0.0,1,62,0,0.0,8,0,0,0,36.0,0.0,39.5,-0.035,36.41,0,4,0.0,0
17-Mar-2025,05:00:00,63.9,82.8,12.9,98.7,670,4.2,0.7,4,118,1,0.0,0,0,0,0,45.1,0.0,37.6,-0.01,36.49,0,4,0.0,0
17-Mar-2025,06:00:00,63.8,78.2,13.4,98.3,494,3.7,0.4,3,116,1,0.0,0,0,0,0,47.5,0.0,43.1,0.027,36.43,0,3,0.0,0
17-Mar-2025,07:00:00,146.9,28.4,13.2,98.4,2628,12.6,5.7,2,557,1,0.0,0,0,0,0,36.2,73.7,42.7,0.026,36.97,46,19,5.7,7
17-Mar-2025,08:00:00,50.7,84.6,12.8,99.2,405,3.4,0.4,2,102,1,0.0,0,0,0,0,35.1,0.0,44.8,0.038,36.38,0,5,0.0,0
17-Mar-2025,09:00:00,60.7,81.8,11.5,98.1,574,3.9,0.3,3,120,1,0.0,0,0,0,0,34.9,0.0,39.3,-0.037,36.26,0,1,0.0,0
17-Mar-2025,10:00:00,61.1,80.0,12.5,98.2,417,3.8,0.4,3,105,1,0.0,0,0,0,0,49.2,0.0,44.7,-0.042,36.25,0,4,0.0,0
17-Mar-2025,11:00:00,63.3,78.0,12.7,97.6,690,4.9,0.5,0,88,1,0.0,0,0,0,0,39.7,0.0,43.7,0.047,36.28,0,3,0.0,0
17-Mar-2025,12:00:00,60.4,79.9,13.5,99.3,417,4.0,0.4,0,113,1,0.0,0,0,0,0,47.2,0.0,35.8,-0.002,36.22,0,4,0.0,0
17-Mar-2025,13:00:00,54.1,77.4,12.3,98.6,791,3.8,0.8,2,111,1,0.0,0,0,0,0,30.3,0.0,38.8,-0.043,36.37,0,4,0.0,0
17-Mar-2025,14:00:00,62.9,76.4,12.1,99.2,506,3.6,0.4,2,89,1,0.0,0,0,0,0,36.3,0.0,40.9,0.015,36.34,0,5,0.0,0
17-Mar-2025,15:00:00,62.5,84.1,11.3,98.3,589,3.0,0.4,0,106,1,0.0,0,0,0,0,42.7,0.0,40.8,-0.022,36.31,0,4,0.0,0
17-Mar-2025,16:00:00,51.1,84.5,13.9,98.4,553,4.0,0.5,3,114,1,0.0,0,0,0,0,39.2,0.0,37.1,-0.033,36.22,0,5,0.0,0
17-Mar-2025,17:00:00,58.9,82.4,12.1,98.4,427,3.3,0.5,3,94,1,0.0,0,0,0,0,49.9,0.0,38.4,0.029,36.41,0,5,0.0,8
17-Mar-2025,18:00:00,136.5,32.3,12.3,98.0,2009,12.6,5.8,3,626,1,0.0,0,0,0,0,49.3,68.4,41.3,0.01,36.95,51,8,6.3,0
17-Mar-2025,19:00:00,52.1,79.3,13.6,98.1,761,4.2,0.7,2,92,1,0.0,0,0,0,0,35.7,0.0,37.8,0.036,36.49,0,2,0.0,0
17-Mar-2025,20:00:00,63.0,81.4,12.1,98.0,725,3.4,0.7,3,115,1,0.0,0,0,0,0,30.6,0.0,36.4,-0.004,36.29,0,4,0.0,8
17-Mar-2025,21:00:00,57.3,79.4,12.0,98.3,546,3.2,0.5,5,84,1,0.0,0,0,0,0,36.5,0.0,45.0,-0.003,36.26,0,2,0.0,0
17-Mar-2025,22:00:00,74.2,44.1,11.3,98.6,0,4.0,0.0,5,62,0,0.0,8,0,0,0,39.0,0.0,35.6,0.024,36.25,0,3,0.0,0
17-Mar-2025,23:00:00,65.2,44.4,14.0,98.5,0,3.3,0.0,3,62,0,0.0,14,0,0,0,41.7,0.0,38.9,0.045,36.29,0,3,0.0,0
18-Mar-2025,00:00:00,66.3,44.1,11.1,98.5,0,4.0,0.0,2,62,0,0.0,8,0,0,0,40.8,0.0,44.1,-0.047,36.2,0,3,0.0,0
18-Mar-2025,01:00:00,73.6,44.9,11.5,99.4,0,4.0,0.0,4,62,0,0.0,11,0,0,0,33.4,0.0,40.3,-0.026,36.42,0,3,0.0,0
18-Mar-2025,02:00:00,68.0,45.9,14.0,99.3,0,4.9,0.0,3,62,0,6.5,6,23,53,16,41.8,0.0,40.9,-0.012,36.42,0,4,0.0,0
18-Mar-2025,03:00:00,68.3,57.6,13.1,97.8,0,4.9,0.0,3,62,0,0.0,10,0,0,0,33.5,0.0,44.0,-0.028,36.4,0,4,0.0,0
18-Mar-2025,04:00:00,72.0,54.8,13.4,98.9,0,3.1,0.0,0,62,0,0.0,8,0,0,0,44.4,0.0,41.4,-0.022,36.3,0,0,0.0,0
18-Mar-2025,05:00:00,57.9,81.5,13.1,98.7,714,4.6,0.8,1,83,1,0.0,0,0,0,0,36.5,0.0,42.0,0.031,36.29,0,2,0.0,0
18-Mar-2025,06:00:00,53.1,81.7,12.0,99.4,474,4.0,0.4,5,103,1,0.0,0,0,0,0,46.8,0.0,38.0,-0.025,36.34,0,2,0.0,0
18-Mar-2025,07:00:00,141.8,32.9,17.1,97.6,2317,12.5,5.2,0,570,1,0.0,0,0,0,0,46.2,66.5,36.5,-0.023,37.04,51,24,5.8,8
18-Mar-2025,08:00:00,52.5,82.8,12.0,98.8,569,4.9,0.7,4,83,1,0.0,0,0,0,0,43.5,0.0,40.1,-0.039,36.3,0,4,0.0,0
18-Mar-2025,09:00:00,62.8,79.0,13.1,99.1,795,4.9,0.4,0,112,1,0.0,0,0,0,0,40.1,0.0,36.3,0.009,36.4,0,5,0.0,0
18-Mar-2025,10:00:00,62.4,77.6,12.5,99.0,483,3.9,0.7,5,116,1,0.0,0,0,0,0,30.5,0.0,44.3,0.018,36.32,0,4,0.0,0
18-Mar-2025,11:00:00,54.9,78.5,13.5,98.0,692,3.5,0.5,0,109,1,0.0,0,0,0,0,40.2,0.0,35.9,0.023,36.48,0,5,0.0,0
18-Mar-2025,12:00:00,57.4,83.1,13.3,98.8,522,4.0,0.5,2,108,1,0.0,0,0,0,0,34.2,0.0,43.9,-0.046,36.4,0,1,0.0,0
18-Mar-2025,13:00:00,51.0,78.6,12.3,97.9,568,4.8,0.6,5,84,1,0.0,0,0,0,0,34.0,0.0,44.2,0.037,36.25,0,0,0.0,0
18-Mar-2025,14:00:00,60.9,81.6,13.2,98.5,679,4.4,0.4,4,104,1,0.0,0,0,0,0,31.9,0.0,41.3,0.015,36.32,0,4,0.0,0
18-Mar-2025,15:00:00,56.5,82.4,13.3,99.1,578,3.9,0.3,1,103,1,0.0,0,0,0,0,42.5,0.0,39.3,0.041,36.37,0,1,0.0,0
18-Mar-2025,16:00:00,55.1,78.3,12.1,98.3,742,3.7,0.6,5,119,1,0.0,0,0,0,0,41.0,0.0,40.6,-0.027,36.38,0,1,0.0,0
18-Mar-2025,17:00:00,51.7,75.5,13.0,99.0,623,4.8,0.7,2,86,1,0.0,0,0,0,0,38.9,0.0,41.2,-0.044,36.42,0,1,0.0,5
18-Mar-2025,18:00:00,131.4,33.6,21.3,98.7,2562,13.9,5.9,2,597,1,0.0,0,0,0,0,31.0,71.2,39.5,0.043,37.01,50,26,6.2,0
18-Mar-2025,19:00:00,59.1,83.8,11.2,97.7,565,4.2,0.3,1,105,1,0.0,0,0,0,0,37.4,0.0,35.1,-0.039,36.27,0,5,0.0,0
18-Mar-2025,20:00:00,57.4,84.7,13.3,97.5,482,3.7,0.7,0,82,1,0.0,0,0,0,0,38.5,0.0,43.5,0.028,36.38,0,1,0.0,11
18-Mar-2025,21:00:00,55.3,84.8,11.0,99.4,578,3.9,0.8,4,102,1,0.0,0,0,0,0,48.0,0.0,37.7,0.016,36.4,0,3,0.0,0
18-Mar-2025,22:00:00,67.5,49.1,12.2,98.1,0,4.1,0.0,2,62,0,0.0,13,0,0,0,45.3,0.0,41.8,0.037,36.3,0,5,0.0,0
18-Mar-2025,23:00:00,62.8,50.8,13.9,99.3,0,3.4,0.0,3,62,0,0.0,5,0,0,0,46.5,0.0,42.4,0.027,36.24,0,1,0.0,0
19-Mar-2025,00:00:00,68.3,52.6,13.2,99.3,0,4.7,0.0,3,62,0,0.0,10,0,0,0,44.6,0.0,43.4,-0.028,36.44,0,0,0.0,0
19-Mar-2025,01:00:00,66.5,46.8,12.2,97.8,0,3.3,0.0,0,62,0,0.0,13,0,0,0,36.3,0.0,41.7,0.036,36.45,0,5,0.0,0
19-Mar-2025,02:00:00,70.3,50.4,11.0,97.5,0,3.4,0.0,0,62,0,6.5,9,23,56,22,47.5,0.0,41.3,-0.006,36.42,0,5,0.0,0
19-Mar-2025,03:00:00,73.3,54.7,13.4,98.8,0,4.4,0.0,1,62,0,0.0,15,0,0,0,40.7,0.0,40.7,0.026,36.26,0,2,0.0,0
19-Mar-2025,04:00:00,69.4,45.9,12.7,98.5,0,4.8,0.0,5,62,0,0.0,6,0,0,0,45.5,0.0,41.8,0.028,36.28,0,5,0.0,0
19-Mar-2025,05:00:00,61.2,79.7,12.7,99.1,604,4.2,0.8,4,82,1,0.0,0,0,0,0,45.6,0.0,43.3,-0.048,36.47,0,4,0.0,0
19-Mar-2025,06:00:00,54.3,80.6,13.0,98.2,649,4.7,0.5,3,118,1,0.0,0,0,0,0,38.6,0.0,35.6,0.031,36.4,0,2,0.0,0
19-Mar-2025,07:00:00,135.3,25.9,12.6,99.5,2705,13.0,5.3,2,570,1,0.0,0,0,0,0,32.7,66.2,41.3,-0.011,36.91,54,28,5.6,5
19-Mar-2025,08:00:00,52.0,84.8,12.0,98.0,515,3.3,0.5,4,105,1,0.0,0,0,0,0,40.6,0.0,37.6,-0.014,36.31,0,4,0.0,0
19-Mar-2025,09:00:00,59.6,84.5,13.4,98.5,492,3.3,0.4,4,117,1,0.0,0,0,0,0,34.8,0.0,35.3,-0.025,36.2,0,5,0.0,0
19-Mar-2025,10:00:00,55.4,82.8,13.0,98.1,534,4.7,0.7,1,105,1,0.0,0,0,0,0,45.1,0.0,42.8,-0.014,36.38,0,2,0.0,0
19-Mar-2025,11:00:00,57.2,77.5,11.9,97.6,473,3.3,0.4,5,93,1,0.0,0,0,0,0,44.5,0.0,43.5,0.042,36.2,0,4,0.0,0
19-Mar-2025,12:00:00,58.5,76.6,14.0,97.9,598,3.8,0.4,4,90,1,0.0,0,0,0,0,44.0,0.0,38.5,0.049,36.48,0,4,0.0,0
19-Mar-2025,13:00:00,61.9,79.1,13.4,98.2,522,3.7,0.7,4,97,1,0.0,0,0,0,0,37.9,0.0,43.5,0.036,36.21,0,4,0.0,0
19-Mar-2025,14:00:00,56.4,81.9,11.7,99.2,439,3.6,0.8,2,99,1,0.0,0,0,0,0,43.9,0.0,36.7,-0.0,36.49,0,2,0.0,0
19-Mar-2025,15:00:00,52.4,79.2,12.9,98.9,699,4.7,0.7,0,102,1,0.0,0,0,0,0,34.5,0.0,39.6,-0.004,36.4,0,0,0.0,0
19-Mar-2025,16:00:00,62.7,76.4,14.0,97.6,412,5.0,0.6,0,112,1,0.0,0,0,0,0,49.7,0.0,40.3,0.042,36.3,0,0,0.0,0
19-Mar-2025,17:00:00,61.4,76.0,11.5,98.2,429,3.1,0.6,2,99,1,0.0,0,0,0,0,47.3,0.0,36.9,-0.034,36.26,0,0,0.0,9
19-Mar-2025,18:00:00,138.4,25.8,19.3,98.9,2372,13.2,5.0,1,630,1,0.0,0,0,0,0,42.6,66.1,44.7,-0.033,36.92,46,33,5.7,0
19-Mar-2025,19:00:00,51.1,78.3,11.6,99.2,770,4.9,0.4,5,98,1,0.0,0,0,0,0,35.7,0.0,44.6,-0.028,36.31,0,2,0.0,0
19-Mar-2025,20:00:00,58.0,77.9,13.7,99.3,582,3.6,0.8,0,90,1,0.0,0,0,0,0,34.2,0.0,36.8,0.048,36.29,0,3,0.0,6
19-Mar-2025,21:00:00,55.2,75.4,13.0,99.5,676,4.5,0.6,1,94,1,0.0,0,0,0,0,40.8,0.0,42.2,-0.0,36.3,0,0,0.0,0
19-Mar-2025,22:00:00,62.6,54.9,12.0,99.1,0,3.9,0.0,1,62,0,0.0,14,0,0,0,46.7,0.0,39.3,0.038,36.25,0,0,0.0,0
19-Mar-2025,23:00:00,70.4,40.2,12.2,98.0,0,3.2,0.0,2,62,0,0.0,7,0,0,0,34.2,0.0,41.8,-0.016,36.27,0,1,0.0,0
20-Mar-2025,00:00:00,70.4,55.6,13.5,97.9,0,3.9,0.0,0,62,0,0.0,6,0,0,0,45.4,0.0,43.0,0.012,36.34,0,5,0.0,0
20-Mar-2025,01:00:00,74.8,50.1,12.6,97.8,0,4.9,0.0,5,62,0,0.0,14,0,0,0,40.2,0.0,36.8,0.018,36.24,0,1,0.0,0
20-Mar-2025,02:00:00,63.9,51.7,13.8,98.8,0,4.6,0.0,2,62,0,6.5,13,22,55,24,39.7,0.0,42.0,-0.017,36.4,0,5,0.0,0
20-Mar-2025,03:00:00,61.7,48.5,13.0,97.6,0,4.1,0.0,1,62,0,0.0,6,0,0,0,34.6,0.0,39.0,0.002,36.49,0,3,0.0,0
20-Mar-2025,04:00:00,67.0,59.7,13.5,99.1,0,3.4,0.0,4,62,0,0.0,5,0,0,0,41.6,0.0,38.2,0.037,36.31,0,3,0.0,0
20-Mar-2025,05:00:00,63.6,84.1,13.2,98.5,555,4.8,0.5,2,100,1,0.0,0,0,0,0,40.5,0.0,39.5,0.04,36.22,0,4,0.0,0
20-Mar-2025,06:00:00,51.4,75.2,13.6,98.0,748,3.1,0.4,4,80,1,0.0,0,0,0,0,41.9,0.0,41.2,0.011,36.42,0,4,0.0,0
20-Mar-2025,07:00:00,121.5,26.5,12.7,98.6,2552,12.3,5.8,5,615,1,0.0,0,0,0,0,48.7,67.6,41.3,0.002,37.06,59,0,5.6,5
20-Mar-2025,08:00:00,56.5,75.9,13.6,98.1,722,3.0,0.7,4,80,1,0.0,0,0,0,0,46.4,0.0,42.8,-0.026,36.36,0,3,0.0,0
20-Mar-2025,09:00:00,54.5,83.0,12.1,97.6,400,3.4,0.5,4,106,1,0.0,0,0,0,0,41.1,0.0,43.5,0.036,36.48,0,3,0.0,0
20-Mar-2025,10:00:00,62.6,80.3,11.4,98.7,581,3.2,0.5,1,90,1,0.0,0,0,0,0,32.1,0.0,41.6,-0.023,36.35,0,2,0.0,0
20-Mar-2025,11:00:00,50.5,78.5,11.9,99.5,455,4.1,0.5,0,110,1,0.0,0,0,0,0,44.6,0.0,44.5,0.043,36.2,0,2,0.0,0
20-Mar-2025,12:00:00,54.4,75.9,11.9,97.6,450,3.2,0.7,0,102,1,0.0,0,0,0,0,40.2,0.0,41.5,-0.037,36.27,0,5,0.0,0
20-Mar-2025,13:00:00,56.3,81.4,12.9,98.4,601,4.6,0.8,3,100,1,0.0,0,0,0,0,49.6,0.0,41.4,0.03,36.44,0,2,0.0,0
20-Mar-2025,14:00:00,56.4,84.5,13.0,98.8,693,3.8,0.5,0,82,1,0.0,0,0,0,0,38.8,0.0,38.0,-0.006,36.21,0,3,0.0,0
20-Mar-2025,15:00:00,64.1,82.6,11.2,99.4,524,4.5,0.5,2,97,1,0.0,0,0,0,0,42.0,0.0,36.4,-0.037,36.49,0,2,0.0,0
20-Mar-2025,16:00:00,53.3,78.8,11.1,98.6,445,3.9,0.5,0,117,1,0.0,0,0,0,0,32.0,0.0,44.4,0.044,36.33,0,2,0.0,0
20-Mar-2025,17:00:00,59.7,80.1,13.1,99.4,796,3.1,0.6,5,95,1,0.0,0,0,0,0,37.0,0.0,35.3,-0.006,36.43,0,0,0.0,15
20-Mar-2025,18:00:00,130.8,31.3,20.6,98.2,2006,13.6,5.7,2,646,1,0.0,0,0,0,0,40.7,70.5,44.9,0.046,36.92,45,23,5.7,0
20-Mar-2025,19:00:00,61.2,82.9,12.9,98.9,543,3.8,0.4,3,94,1,0.0,0,0,0,0,41.0,0.0,37.9,-0.015,36.46,0,4,0.0,0
20-Mar-2025,20:00:00,57.2,81.5,11.1,99.0,449,3.8,0.3,0,119,1,0.0,0,0,0,0,46.8,0.0,35.9,-0.043,36.28,0,4,0.0,6
20-Mar-2025,21:00:00,58.8,77.4,11.4,98.4,784,3.7,0.5,0,97,1,0.0,0,0,0,0,39.7,0.0,42.0,-0.029,36.39,0,1,0.0,0
20-Mar-2025,22:00:00,72.6,47.0,13.1,98.2,0,3.3,0.0,5,62,0,0.0,15,0,0,0,37.4,0.0,36.2,-0.008,36.37,0,0,0.0,0
20-Mar-2025,23:00:00,61.0,44.6,11.8,98.7,0,4.1,0.0,4,62,0,0.0,15,0,0,0,44.2,0.0,38.2,0.007,36.28,0,5,0.0,0
21-Mar-2025,00:00:00,63.9,42.2,11.3,98.9,0,4.6,0.0,1,62,0,0.0,14,0,0,0,42.5,0.0,37.7,-0.023,36.24,0,0,0.0,0
21-Mar-2025,01:00:00,70.2,55.4,12.8,97.6,0,3.0,0.0,5,62,0,0.0,9,0,0,0,33.7,0.0,41.6,-0.036,36.48,0,5,0.0,0
21-Mar-2025,02:00:00,66.3,56.1,11.3,98.2,0,3.2,0.0,3,62,0,6.5,13,21,57,24,36.9,0.0,42.3,-0.049,36.46,0,0,0.0,0
21-Mar-2025,03:00:00,70.6,47.2,14.0,98.2,0,4.8,0.0,5,62,0,0.0,14,0,0,0,33.7,0.0,37.1,-0.044,36.33,0,1,0.0,0
21-Mar-2025,04:00:00,61.1,56.4,12.9,98.5,0,4.4,0.0,0,62,0,0.0,8,0,0,0,48.0,0.0,39.4,-0.048,36.24,0,0,0.0,0
21-Mar-2025,05:00:00,60.9,81.2,13.8,99.4,428,4.1,0.6,4,82,1,0.0,0,0,0,0,46.9,0.0,39.6,0.03,36.39,0,1,0.0,0
21-Mar-2025,06:00:00,59.8,83.1,12.1,99.1,487,3.7,0.7,5,87,1,0.0,0,0,0,0,36.8,0.0,37.6,0.046,36.31,0,5,0.0,0
21-Mar-2025,07:00:00,128.1,34.2,14.8,98.2,2546,12.6,5.9,3,638,1,0.0,0,0,0,0,36.9,72.7,39.3,-0.037,37.12,57,27,5.8,8
21-Mar-2025,08:00:00,64.5,77.3,13.9,98.5,588,4.3,0.6,1,99,1,0.0,0,0,0,0,44.4,0.0,38.0,-0.002,36.34,0,0,0.0,0
21-Mar-2025,09:00:00,59.7,76.4,12.9,97.7,781,3.1,0.3,3,95,1,0.0,0,0,0,0,48.5,0.0,37.5,-0.043,36.48,0,0,0.0,0
21-Mar-2025,10:00:00,50.3,75.9,12.7,98.6,634,3.7,0.5,3,93,1,0.0,0,0,0,0,32.4,0.0,36.1,0.008,36.24,0,3,0.0,0
21-Mar-2025,11:00:00,64.7,79.4,12.1,98.6,401,3.6,0.6,5,116,1,0.0,0,0,0,0,33.3,0.0,36.1,0.022,36.33,0,4,0.0,0
21-Mar-2025,12:00:00,64.4,82.9,13.4,99.1,697,4.1,0.5,4,115,1,0.0,0,0,0,0,43.9,0.0,44.9,0.024,36.35,0,3,0.0,0
21-Mar-2025,13:00:00,53.9,79.2,11.7,98.1,453,3.7,0.4,1,99,1,0.0,0,0,0,0,42.6,0.0,40.8,-0.007,36.26,0,1,0.0,0
21-Mar-2025,14:00:00,58.8,79.5,11.5,98.0,476,3.2,0.6,3,89,1,0.0,0,0,0,0,43.1,0.0,42.0,-0.042,36.34,0,0,0.0,0
21-Mar-2025,15:00:00,63.9,83.0,11.8,97.8,488,3.6,0.7,0,104,1,0.0,0,0,0,0,47.7,0.0,39.2,0.028,36.28,0,0,0.0,0
21-Mar-2025,16:00:00,60.3,78.4,11.1,98.6,785,3.0,0.4,2,107,1,0.0,0,0,0,0,33.6,0.0,38.8,0.023,36.36,0,4,0.0,0
21-Mar-2025,17:00:00,52.4,76.8,13.2,97.6,497,3.3,0.8,2,115,1,0.0,0,0,0,0,47.3,0.0,41.4,0.019,36.37,0,4,0.0,12
21-Mar-2025,18:00:00,124.0,29.5,14.0,98.1,2472,13.4,5.0,0,560,1,0.0,0,0,0,0,31.9,74.2,36.3,0.016,37.16,49,14,6.4,0
21-Mar-2025,19:00:00,52.6,83.6,13.7,98.7,561,4.5,0.5,2,89,1,0.0,0,0,0,0,40.7,0.0,36.1,-0.0,36.23,0,1,0.0,0
21-Mar-2025,20:00:00,60.6,82.5,13.2,97.8,723,4.5,0.8,1,90,1,0.0,0,0,0,0,41.6,0.0,37.0,0.04,36.33,0,5,0.0,10
21-Mar-2025,21:00:00,50.5,79.5,13.2,98.2,766,4.2,0.4,3,84,1,0.0,0,0,0,0,49.2,0.0,41.9,-0.044,36.46,0,4,0.0,0
21-Mar-2025,22:00:00,62.8,49.1,11.8,97.6,0,4.7,0.0,4,62,0,0.0,9,0,0,0,32.5,0.0,36.0,0.03,36.31,0,5,0.0,0
21-Mar-2025,23:00:00,67.2,45.1,12.6,99.3,0,4.6,0.0,5,62,0,0.0,6,0,0,0,39.4,0.0,41.0,0.038,36.24,0,4,0.0,0
22-Mar-2025,00:00:00,63.5,45.8,12.1,99.4,0,3.5,0.0,4,62,0,0.0,15,0,0,0,45.2,0.0,35.6,0.007,36.33,0,1,0.0,0
22-Mar-2025,01:00:00,70.1,43.9,11.7,98.2,0,3.5,0.0,5,62,0,0.0,6,0,0,0,31.1,0.0,37.4,-0.046,36.42,0,1,0.0,0
22-Mar-2025,02:00:00,65.3,48.4,13.6,99.4,0,4.2,0.0,2,62,0,6.5,10,21,56,18,42.5,0.0,35.4,-0.032,36.34,0,5,0.0,0
22-Mar-2025,03:00:00,62.0,55.9,12.1,99.0,0,4.9,0.0,3,62,0,0.0,15,0,0,0,31.6,0.0,35.3,0.045,36.47,0,1,0.0,0
22-Mar-2025,04:00:00,68.4,44.3,11.1,99.2,0,5.0,0.0,0,62,0,0.0,6,0,0,0,40.2,0.0,36.4,-0.039,36.44,0,3,0.0,0
22-Mar-2025,05:00:00,61.3,80.9,11.1,99.2,401,3.2,0.7,1,97,1,0.0,0,0,0,0,44.6,0.0,37.1,0.002,36.28,0,3,0.0,0
22-Mar-2025,06:00:00,58.6,80.2,11.2,99.0,459,3.5,0.6,2,119,1,0.0,0,0,0,0,38.2,0.0,39.0,-0.038,36.32,0,0,0.0,0
22-Mar-2025,07:00:00,127.5,29.0,15.1,98.1,2670,12.4,5.8,0,598,1,0.0,0,0,0,0,43.7,73.9,36.2,0.032,36.99,54,30,6.3,14
22-Mar-2025,08:00:00,54.0,78.0,11.1,97.8,573,3.0,0.6,5,98,1,0.0,0,0,0,0,49.5,0.0,39.3,0.049,36.26,0,5,0.0,0
22-Mar-2025,09:00:00,58.9,81.7,12.5,97.8,533,4.7,0.3,0,94,1,0.0,0,0,0,0,45.8,0.0,43.3,-0.03,36.48,0,4,0.0,0
22-Mar-2025,10:00:00,63.8,82.1,11.8,98.8,614,4.1,0.5,5,80,1,0.0,0,0,0,0,33.6,0.0,41.1,-0.027,36.23,0,5,0.0,0
22-Mar-2025,11:00:00,63.2,79.9,11.7,98.2,682,4.4,0.5,0,118,1,0.0,0,0,0,0,49.5,0.0,41.8,-0.004,36.41,0,5,0.0,0
22-Mar-2025,12:00:00,60.4,79.6,11.3,97.7,611,3.0,0.6,1,96,1,0.0,0,0,0,0,36.9,0.0,44.1,-0.022,36.28,0,4,0.0,0
22-Mar-2025,13:00:00,56.4,75.2,11.6,98.3,650,4.0,0.3,0,100,1,0.0,0,0,0,0,38.2,0.0,40.6,-0.04,36.25,0,5,0.0,0
22-Mar-2025,14:00:00,57.9,79.8,11.6,99.3,541,4.0,0.5,4,112,1,0.0,0,0,0,0,49.4,0.0,44.4,0.046,36.36,0,2,0.0,0
22-Mar-2025,15:00:00,55.2,78.7,11.9,99.1,435,4.7,0.6,2,117,1,0.0,0,0,0,0,45.5,0.0,38.2,-0.031,36.26,0,5,0.0,0
22-Mar-2025,16:00:00,52.8,76.4,12.2,98.7,535,4.4,0.4,5,92,1,0.0,0,0,0,0,48.7,0.0,39.1,0.032,36.23,0,4,0.0,0
22-Mar-2025,17:00:00,59.4,80.7,12.9,99.3,477,3.5,0.5,5,109,1,0.0,0,0,0,0,36.6,0.0,39.1,0.013,36.34,0,5,0.0,10
22-Mar-2025,18:00:00,139.1,30.3,12.8,99.0,2028,12.9,5.0,2,568,1,0.0,0,0,0,0,43.1,67.7,41.0,0.022,37.01,49,16,6.3,0
22-Mar-2025,19:00:00,52.6,80.2,11.8,98.2,494,3.5,0.6,3,120,1,0.0,0,0,0,0,43.9,0.0,43.8,0.038,36.36,0,0,0.0,0
22-Mar-2025,20:00:00,59.7,84.7,13.5,99.4,407,3.2,0.7,5,98,1,0.0,0,0,0,0,33.3,0.0,36.5,-0.023,36.49,0,2,0.0,6
22-Mar-2025,21:00:00,63.8,82.6,13.6,99.2,408,3.9,0.5,4,100,1,0.0,0,0,0,0,48.7,0.0,43.4,0.03,36.36,0,1,0.0,0
22-Mar-2025,22:00:00,62.5,42.7,12.8,98.0,0,3.4,0.0,0,62,0,0.0,6,0,0,0,47.1,0.0,43.1,0.018,36.26,0,4,0.0,0
22-Mar-2025,23:00:00,66.8,53.8,12.7,97.6,0,4.6,0.0,1,62,0,0.0,10,0,0,0,35.7,0.0,43.6,0.031,36.26,0,4,0.0,0
23-Mar-2025,00:00:00,65.7,52.2,12.8,98.3,0,3.5,0.0,0,62,0,0.0,6,0,0,0,41.4,0.0,35.2,-0.0,36.32,0,2,0.0,0
23-Mar-2025,01:00:00,64.8,56.4,13.4,99.4,0,3.1,0.0,1,62,0,0.0,14,0,0,0,39.5,0.0,43.7,0.008,36.44,0,5,0.0,0
23-Mar-2025,02:00:00,67.5,58.3,13.1,99.2,0,5.0,0.0,4,62,0,6.5,14,23,60,25,33.7,0.0,36.7,-0.038,36.32,0,3,0.0,0
23-Mar-2025,03:00:00,68.7,41.7,11.6,98.8,0,3.6,0.0,5,62,0,0.0,5,0,0,0,33.5,0.0,42.1,-0.005,36.23,0,5,0.0,0
23-Mar-2025,04:00:00,73.0,45.6,13.7,99.1,0,4.2,0.0,5,62,0,0.0,15,0,0,0,47.9,0.0,36.1,0.027,36.33,0,5,0.0,0
23-Mar-2025,05:00:00,51.5,80.0,12.3,98.6,701,4.8,0.7,0,89,1,0.0,0,0,0,0,41.5,0.0,37.0,0.003,36.31,0,1,0.0,0
23-Mar-2025,06:00:00,60.0,83.0,13.5,98.6,653,3.1,0.8,0,119,1,0.0,0,0,0,0,45.5,0.0,35.8,0.003,36.39,0,2,0.0,0
23-Mar-2025,07:00:00,126.1,26.7,21.5,98.9,2668,13.1,5.6,5,571,1,0.0,0,0,0,0,49.3,67.4,36.2,-0.023,37.02,57,4,6.4,9
23-Mar-2025,08:00:00,55.1,79.4,13.9,97.9,756,4.9,0.8,4,80,1,0.0,0,0,0,0,33.3,0.0,41.0,0.037,36.3,0,5,0.0,0
23-Mar-2025,09:00:00,61.6,82.7,12.0,98.4,702,4.6,0.6,2,93,1,0.0,0,0,0,0,31.5,0.0,43.0,-0.001,36.39,0,1,0.0,0
23-Mar-2025,10:00:00,62.9,81.6,13.4,99.2,598,4.0,0.7,4,85,1,0.0,0,0,0,0,44.9,0.0,42.7,-0.018,36.45,0,4,0.0,0
23-Mar-2025,11:00:00,64.8,75.6,13.4,98.8,780,3.7,0.5,5,114,1,0.0,0,0,0,0,36.2,0.0,38.6,-0.03,36.46,0,2,0.0,0
23-Mar-2025,12:00:00,64.5,84.5,13.2,98.8,403,4.6,0.4,5,118,1,0.0,0,0,0,0,42.3,0.0,37.6,0.035,36.32,0,5,0.0,0
23-Mar-2025,13:00:00,64.7,77.0,14.0,97.6,592,4.6,0.6,5,81,1,0.0,0,0,0,0,49.1,0.0,35.7,0.043,36.47,0,1,0.0,0
23-Mar-2025,14:00:00,51.9,83.3,11.7,99.0,643,5.0,0.4,5,95,1,0.0,0,0,0,0,40.7,0.0,43.5,-0.037,36.29,0,3,0.0,0
23-Mar-2025,15:00:00,51.8,84.7,13.4,98.3,583,3.7,0.4,1,95,1,0.0,0,0,0,0,47.6,0.0,39.0,-0.01,36.31,0,5,0.0,0
23-Mar-2025,16:00:00,58.2,83.8,13.0,98.0,740,3.3,0.7,3,109,1,0.0,0,0,0,0,45.8,0.0,43.3,0.002,36.45,0,2,0.0,0
23-Mar-2025,17:00:00,58.9,82.5,13.2,99.5,510,4.9,0.4,1,110,1,0.0,0,0,0,0,46.4,0.0,37.6,-0.018,36.21,0,3,0.0,9
23-Mar-2025,18:00:00,133.4,30.4,16.4,99.0,2202,13.4,5.1,1,638,1,0.0,0,0,0,0,41.0,67.4,39.7,0.037,36.94,52,29,6.2,0
23-Mar-2025,19:00:00,59.2,81.5,12.7,99.4,633,3.7,0.7,4,90,1,0.0,0,0,0,0,34.2,0.0,39.1,0.036,36.21,0,5,0.0,0
23-Mar-2025,20:00:00,59.3,81.6,11.6,98.8,591,3.0,0.4,1,99,1,0.0,0,0,0,0,49.3,0.0,37.4,0.048,36.42,0,2,0.0,15
23-Mar-2025,21:00:00,51.4,75.4,11.8,99.2,729,3.3,0.6,5,84,1,0.0,0,0,0,0,40.3,0.0,35.9,-0.024,36.32,0,1,0.0,0
23-Mar-2025,22:00:00,69.9,58.7,12.7,98.8,0,3.3,0.0,4,62,0,0.0,11,0,0,0,43.9,0.0,42.7,-0.008,36.23,0,2,0.0,0
23-Mar-2025,23:00:00,74.6,54.7,13.0,98.3,0,4.2,0.0,4,62,0,0.0,5,0,0,0,37.0,0.0,43.2,0.0,36.34,0,5,0.0,0
24-Mar-2025,00:00:00,71.6,59.3,13.2,98.7,0,4.7,0.0,0,62,0,0.0,11,0,0,0,45.5,0.0,40.5,0.013,36.48,0,4,0.0,0
24-Mar-2025,01:00:00,71.7,58.3,12.6,97.9,0,4.1,0.0,2,62,0,0.0,15,0,0,0,33.5,0.0,39.8,0.018,36.33,0,5,0.0,0
24-Mar-2025,02:00:00,72.6,45.8,12.4,99.2,0,4.5,0.0,5,62,0,6.5,9,24,53,21,33.1,0.0,39.7,0.006,36.2,0,0,0.0,0
24-Mar-2025,03:00:00,67.3,56.4,12.8,97.5,0,4.5,0.0,5,62,0,0.0,14,0,0,0,37.0,0.0,35.6,-0.039,36.44,0,1,0.0,0
24-Mar-2025,04:00:00,67.4,40.3,11.6,99.2,0,4.1,0.0,2,62,0,0.0,9,0,0,0,43.0,0.0,37.7,0.042,36.34,0,5,0.0,0
24-Mar-2025,05:00:00,64.6,83.3,12.4,98.9,582,3.7,0.6,3,102,1,0.0,0,0,0,0,31.9,0.0,37.3,0.002,36.39,0,0,0.0,0
24-Mar-2025,06:00:00,56.4,79.9,13.4,98.6,553,3.2,0.5,1,91,1,0.0,0,0,0,0,36.6,0.0,44.0,0.006,36.41,0,2,0.0,0
24-Mar-2025,07:00:00,143.8,32.1,12.0,98.1,2326,13.1,5.3,1,620,1,0.0,0,0,0,0,44.0,70.9,35.0,-0.034,36.98,55,9,6.3,6
24-Mar-2025,08:00:00,61.3,78.8,13.8,98.5,776,4.3,0.7,0,93,1,0.0,0,0,0,0,33.4,0.0,42.2,0.014,36.4,0,0,0.0,0
24-Mar-2025,09:00:00,54.8,78.6,13.0,98.4,474,4.2,0.5,4,116,1,0.0,0,0,0,0,34.6,0.0,41.0,-0.007,36.28,0,5,0.0,0
24-Mar-2025,10:00:00,60.7,78.1,13.6,97.5,557,3.2,0.8,5,81,1,0.0,0,0,0,0,32.3,0.0,39.2,0.025,36.33,0,2,0.0,0
24-Mar-2025,11:00:00,60.9,80.3,11.9,98.6,795,3.7,0.6,0,98,1,0.0,0,0,0,0,44.5,0.0,44.7,0.008,36.5,0,0,0.0,0
24-Mar-2025,12:00:00,60.4,75.8,13.6,99.0,734,4.3,0.7,0,86,1,0.0,0,0,0,0,45.0,0.0,40.5,-0.029,36.48,0,1,0.0,0
24-Mar-2025,13:00:00,54.1,78.9,11.3,98.1,423,4.3,0.8,5,114,1,0.0,0,0,0,0,34.8,0.0,38.3,-0.039,36.35,0,4,0.0,0
24-Mar-2025,14:00:00,52.7,78.9,13.5,99.0,562,3.5,0.6,1,97,1,0.0,0,0,0,0,43.6,0.0,36.2,0.031,36.41,0,3,0.0,0
24-Mar-2025,15:00:00,61.8,79.1,11.5,98.1,624,4.4,0.6,2,101,1,0.0,0,0,0,0,41.2,0.0,36.1,-0.029,36.23,0,0,0.0,0
24-Mar-2025,16:00:00,63.5,80.9,12.8,99.4,489,4.1,0.8,3,117,1,0.0,0,0,0,0,32.0,0.0,42.6,-0.046,36.45,0,1,0.0,0
24-Mar-2025,17:00:00,64.9,81.6,12.0,97.5,632,4.8,0.4,2,120,1,0.0,0,0,0,0,48.2,0.0,43.4,-0.01,36.32,0,0,0.0,8
24-Mar-2025,18:00:00,128.6,34.3,15.8,98.8,2509,13.5,5.2,1,621,1,0.0,0,0,0,0,42.5,70.2,36.8,-0.018,37.04,60,8,6.3,0
24-Mar-2025,19:00:00,58.2,80.7,12.8,98.0,544,4.9,0.3,5,100,1,0.0,0,0,0,0,35.7,0.0,39.4,-0.01,36.27,0,3,0.0,0
24-Mar-2025,20:00:00,57.6,83.6,11.2,99.3,433,3.5,0.7,3,98,1,0.0,0,0,0,0,46.6,0.0,40.6,0.037,36.4,0,1,0.0,9
24-Mar-2025,21:00:00,52.8,81.3,12.3,98.7,556,4.8,0.6,1,105,1,0.0,0,0,0,0,32.7,0.0,40.3,-0.017,36.24,0,0,0.0,0
24-Mar-2025,22:00:00,74.7,55.8,13.2,98.6,0,4.4,0.0,1,62,0,0.0,11,0,0,0,43.8,0.0,35.2,-0.001,36.32,0,3,0.0,0
24-Mar-2025,23:00:00,72.9,44.0,13.4,97.9,0,4.8,0.0,0,62,0,0.0,11,0,0,0,30.9,0.0,45.0,0.042,36.26,0,1,0.0,0
25-Mar-2025,00:00:00,71.1,43.2,13.7,98.1,0,3.2,0.0,3,62,0,0.0,11,0,0,0,48.6,0.0,43.9,-0.029,36.34,0,0,0.0,0
25-Mar-2025,01:00:00,72.8,45.0,13.5,97.7,0,5.0,0.0,1,62,0,0.0,8,0,0,0,43.1,0.0,43.0,0.029,36.21,0,0,0.0,0
25-Mar-2025,02:00:00,66.0,59.4,11.6,98.4,0,3.4,0.0,3,62,0,6.5,14,24,53,22,32.6,0.0,39.6,-0.036,36.39,0,5,0.0,0
25-Mar-2025,03:00:00,60.4,55.2,13.4,98.8,0,4.6,0.0,3,62,0,0.0,14,0,0,0,36.1,0.0,39.2,-0.044,36.38,0,2,0.0,0
25-Mar-2025,04:00:00,62.9,46.5,12.1,97.9,0,3.7,0.0,0,62,0,0.0,12,0,0,0,47.3,0.0,38.1,0.041,36.39,0,5,0.0,0
25-Mar-2025,05:00:00,59.8,77.3,12.4,98.9,459,4.6,0.6,5,89,1,0.0,0,0,0,0,47.3,0.0,35.2,0.032,36.2,0,2,0.0,0
25-Mar-2025,06:00:00,55.2,76.2,11.6,98.8,790,4.9,0.8,3,106,1,0.0,0,0,0,0,47.6,0.0,42.7,-0.05,36.36,0,0,0.0,0
25-Mar-2025,07:00:00,144.3,26.3,17.9,98.6,2737,12.2,5.1,3,567,1,0.0,0,0,0,0,37.3,73.0,39.4,-0.032,37.04,51,9,6.4,11
25-Mar-2025,08:00:00,57.1,80.4,12.6,98.0,525,4.5,0.8,2,107,1,0.0,0,0,0,0,32.0,0.0,38.8,0.025,36.25,0,2,0.0,0
25-Mar-2025,09:00:00,58.7,79.9,13.3,99.2,774,3.0,0.8,0,110,1,0.0,0,0,0,0,40.1,0.0,41.7,-0.018,36.33,0,4,0.0,0
25-Mar-2025,10:00:00,53.2,75.5,12.5,97.6,599,3.2,0.6,1,82,1,0.0,0,0,0,0,40.8,0.0,40.3,-0.028,36.3,0,2,0.0,0
25-Mar-2025,11:00:00,60.6,81.1,11.1,98.4,651,3.0,0.7,1,98,1,0.0,0,0,0,0,32.5,0.0,42.0,-0.034,36.25,0,3,0.0,0
25-Mar-2025,12:00:00,56.0,80.2,13.7,97.5,443,4.8,0.7,3,114,1,0.0,0,0,0,0,48.3,0.0,37.2,0.028,36.34,0,0,0.0,0
25-Mar-2025,13:00:00,60.5,84.1,12.3,97.6,488,3.2,0.6,4,100,1,0.0,0,0,0,0,43.3,0.0,39.4,-0.046,36.22,0,2,0.0,0
25-Mar-2025,14:00:00,55.2,76.1,12.8,98.0,455,4.3,0.7,1,119,1,0.0,0,0,0,0,36.4,0.0,38.2,0.0,36.41,0,2,0.0,0
25-Mar-2025,15:00:00,59.9,80.9,13.0,98.9,689,4.0,0.7,4,106,1,0.0,0,0,0,0,49.6,0.0,41.8,-0.005,36.29,0,0,0.0,0
25-Mar-2025,16:00:00,63.9,81.8,11.7,97.8,742,4.7,0.7,3,96,1,0.0,0,0,0,0,33.7,0.0,39.3,-0.032,36.49,0,5,0.0,0
25-Mar-2025,17:00:00,62.0,83.8,11.9,98.8,592,3.3,0.7,2,89,1,0.0,0,0,0,0,49.4,0.0,39.3,-0.016,36.21,0,2,0.0,9
25-Mar-2025,18:00:00,137.9,28.3,11.2,99.3,2214,12.6,5.2,2,585,1,0.0,0,0,0,0,32.2,73.8,38.2,0.004,37.08,50,33,6.4,0
25-Mar-2025,19:00:00,62.2,78.6,13.1,98.8,608,4.0,0.8,3,82,1,0.0,0,0,0,0,38.2,0.0,44.9,-0.0,36.21,0,0,0.0,0
25-Mar-2025,20:00:00,59.9,82.4,12.9,99.2,569,3.3,0.4,2,118,1,0.0,0,0,0,0,45.2,0.0,42.2,0.039,36.34,0,1,0.0,15
25-Mar-2025,21:00:00,53.0,76.9,11.1,98.5,608,4.3,0.7,4,89,1,0.0,0,0,0,0,32.7,0.0,35.8,0.021,36.41,0,5,0.0,0
25-Mar-2025,22:00:00,65.8,43.2,12.7,99.5,0,3.0,0.0,2,62,0,0.0,6,0,0,0,31.1,0.0,36.3,-0.031,36.4,0,5,0.0,0
25-Mar-2025,23:00:00,62.8,55.7,11.6,99.4,0,3.5,0.0,1,62,0,0.0,14,0,0,0,37.0,0.0,40.5,-0.001,36.32,0,5,0.0,0
26-Mar-2025,00:00:00,60.7,56.1,12.8,98.3,0,3.7,0.0,2,62,0,0.0,6,0,0,0,44.6,0.0,42.7,-0.035,36.42,0,4,0.0,0
26-Mar-2025,01:00:00,74.8,51.2,12.0,98.0,0,4.4,0.0,4,62,0,0.0,7,0,0,0,44.7,0.0,44.1,-0.043,36.25,0,4,0.0,0
26-Mar-2025,02:00:00,66.7,41.2,11.2,97.8,0,4.4,0.0,3,62,0,6.5,9,25,54,18,34.0,0.0,40.0,-0.032,36.26,0,2,0.0,0
26-Mar-2025,03:00:00,68.0,48.1,11.3,98.7,0,3.5,0.0,3,62,0,0.0,13,0,0,0,37.6,0.0,35.6,0.034,36.23,0,4,0.0,0
26-Mar-2025,04:00:00,72.2,54.9,13.7,99.5,0,4.3,0.0,0,62,0,0.0,14,0,0,0,47.5,0.0,37.6,0.012,36.46,0,2,0.0,0
26-Mar-2025,05:00:00,53.0,77.8,13.0,97.6,593,3.3,0.7,1,94,1,0.0,0,0,0,0,34.5,0.0,36.4,-0.049,36.36,0,0,0.0,0
26-Mar-2025,06:00:00,64.0,79.6,11.0,98.1,658,3.7,0.6,1,90,1,0.0,0,0,0,0,46.6,0.0,40.4,0.01,36.42,0,1,0.0,0
26-Mar-2025,07:00:00,136.4,33.5,17.7,97.8,2518,12.8,5.3,2,649,1,0.0,0,0,0,0,38.7,66.3,36.3,0.046,36.98,48,0,5.6,11
26-Mar-2025,08:00:00,63.2,79.2,13.7,97.5,623,4.7,0.4,0,85,1,0.0,0,0,0,0,33.0,0.0,44.7,0.042,36.42,0,3,0.0,0
26-Mar-2025,09:00:00,62.6,79.8,12.2,98.2,702,4.5,0.4,5,81,1,0.0,0,0,0,0,37.9,0.0,36.3,0.026,36.43,0,4,0.0,0
26-Mar-2025,10:00:00,61.1,81.7,12.9,97.6,571,3.5,0.4,4,107,1,0.0,0,0,0,0,46.0,0.0,36.7,0.019,36.5,0,5,0.0,0
26-Mar-2025,11:00:00,58.0,80.0,12.2,97.8,719,3.7,0.8,5,101,1,0.0,0,0,0,0,43.0,0.0,37.5,-0.045,36.34,0,2,0.0,0
26-Mar-2025,12:00:00,59.4,84.0,12.3,97.6,500,3.8,0.3,2,87,1,0.0,0,0,0,0,30.4,0.0,38.8,0.027,36.4,0,1,0.0,0
26-Mar-2025,13:00:00,52.1,78.2,13.3,98.2,584,3.7,0.7,2,102,1,0.0,0,0,0,0,44.5,0.0,44.7,-0.026,36.34,0,4,0.0,0
26-Mar-2025,14:00:00,56.0,77.6,11.8,98.7,530,3.6,0.8,4,83,1,0.0,0,0,0,0,34.5,0.0,41.0,-0.029,36.35,0,2,0.0,0
26-Mar-2025,15:00:00,62.2,83.6,13.1,98.5,632,3.8,0.7,5,106,1,0.0,0,0,0,0,49.5,0.0,43.4,-0.005,36.41,0,4,0.0,0
26-Mar-2025,16:00:00,57.6,75.6,13.3,97.8,467,4.3,0.5,4,93,1,0.0,0,0,0,0,46.6,0.0,38.7,0.013,36.42,0,4,0.0,0
26-Mar-2025,17:00:00,56.1,75.0,13.0,98.2,509,4.2,0.4,4,119,1,0.0,0,0,0,0,34.2,0.0,36.3,0.024,36.34,0,0,0.0,13
26-Mar-2025,18:00:00,126.4,32.7,11.1,99.4,2243,12.2,5.2,4,637,1,0.0,0,0,0,0,34.9,70.8,43.7,0.044,36.93,48,21,5.6,0
26-Mar-2025,19:00:00,59.4,84.4,14.0,98.2,741,3.7,0.6,5,113,1,0.0,0,0,0,0,35.3,0.0,36.2,0.021,36.32,0,2,0.0,0
26-Mar-2025,20:00:00,64.0,83.4,11.7,97.6,603,4.8,0.7,1,117,1,0.0,0,0,0,0,46.4,0.0,40.9,-0.035,36.38,0,5,0.0,7
26-Mar-2025,21:00:00,50.3,76.2,13.1,98.3,797,3.8,0.7,5,119,1,0.0,0,0,0,0,37.8,0.0,38.0,0.029,36.27,0,0,0.0,0
26-Mar-2025,22:00:00,74.3,59.0,11.4,97.8,0,3.1,0.0,0,62,0,0.0,11,0,0,0,36.6,0.0,35.2,-0.022,36.48,0,0,0.0,0
26-Mar-2025,23:00:00,60.4,59.4,11.7,98.4,0,4.1,0.0,0,62,0,0.0,11,0,0,0,39.7,0.0,36.6,-0.032,36.22,0,1,0.0,0
27-Mar-2025,00:00:00,73.3,57.9,12.1,99.4,0,3.1,0.0,2,62,0,0.0,7,0,0,0,37.8,0.0,40.6,-0.0,36.28,0,5,0.0,0
27-Mar-2025,01:00:00,67.5,49.6,13.7,97.9,0,4.6,0.0,2,62,0,0.0,9,0,0,0,38.7,0.0,38.9,0.049,36.43,0,3,0.0,0
27-Mar-2025,02:00:00,72.9,40.3,11.5,97.8,0,3.7,0.0,5,62,0,6.5,7,25,58,18,37.2,0.0,40.7,0.012,36.48,0,2,0.0,0
27-Mar-2025,03:00:00,64.9,40.4,12.8,98.2,0,4.8,0.0,1,62,0,0.0,11,0,0,0,34.3,0.0,37.1,-0.006,36.37,0,4,0.0,0
27-Mar-2025,04:00:00,72.6,47.5,11.3,98.9,0,3.2,0.0,0,62,0,0.0,8,0,0,0,46.1,0.0,36.3,0.035,36.25,0,3,0.0,0
27-Mar-2025,05:00:00,53.0,81.4,11.8,99.4,577,4.0,0.8,0,92,1,0.0,0,0,0,0,37.7,0.0,40.8,-0.009,36.46,0,0,0.0,0
27-Mar-2025,06:00:00,64.8,80.1,13.8,98.8,534,3.0,0.4,1,88,1,0.0,0,0,0,0,31.0,0.0,39.7,0.006,36.48,0,2,0.0,0
27-Mar-2025,07:00:00,143.9,28.3,20.9,98.4,2730,12.1,5.8,0,558,1,0.0,0,0,0,0,35.9,70.2,40.4,-0.022,37.08,53,20,5.7,15
27-Mar-2025,08:00:00,58.4,75.8,13.6,99.2,471,4.2,0.7,1,107,1,0.0,0,0,0,0,48.6,0.0,39.3,0.048,36.31,0,2,0.0,0
27-Mar-2025,09:00:00,64.4,77.2,12.9,99.4,636,3.5,0.7,4,110,1,0.0,0,0,0,0,39.2,0.0,35.6,-0.02,36.21,0,2,0.0,0
27-Mar-2025,10:00:00,56.6,77.9,13.3,98.3,403,4.6,0.7,0,98,1,0.0,0,0,0,0,38.9,0.0,36.1,0.037,36.42,0,2,0.0,0
27-Mar-2025,11:00:00,62.2,84.7,12.0,98.7,663,3.3,0.4,0,97,1,0.0,0,0,0,0,45.6,0.0,39.4,0.035,36.5,0,3,0.0,0
27-Mar-2025,12:00:00,51.0,82.5,13.9,98.5,634,3.4,0.4,1,119,1,0.0,0,0,0,0,33.9,0.0,37.4,0.006,36.34,0,3,0.0,0
27-Mar-2025,13:00:00,55.9,80.7,13.0,99.2,665,3.1,0.5,0,83,1,0.0,0,0,0,0,37.3,0.0,41.8,-0.044,36.39,0,3,0.0,0
27-Mar-2025,14:00:00,64.7,78.4,11.7,98.6,547,4.7,0.6,5,95,1,0.0,0,0,0,0,37.4,0.0,38.2,0.022,36.21,0,0,0.0,0
27-Mar-2025,15:00:00,60.1,81.4,13.1,99.1,717,4.6,0.5,2,106,1,0.0,0,0,0,0,41.4,0.0,41.4,-0.016,36.21,0,3,0.0,0
27-Mar-2025,16:00:00,63.8,82.5,13.5,98.1,689,4.9,0.6,1,88,1,0.0,0,0,0,0,46.5,0.0,40.8,-0.038,36.2,0,3,0.0,0
27-Mar-2025,17:00:00,63.1,82.9,13.5,99.1,715,4.3,0.7,0,80,1,0.0,0,0,0,0,43.5,0.0,38.0,0.031,36.24,0,2,0.0,6
27-Mar-2025,18:00:00,125.0,26.2,13.6,98.7,2464,12.2,5.8,5,571,1,0.0,0,0,0,0,48.0,67.1,37.5,-0.003,36.98,45,6,6.2,0
27-Mar-2025,19:00:00,64.5,84.4,13.3,98.2,737,3.6,0.4,3,99,1,0.0,0,0,0,0,35.6,0.0,35.8,0.012,36.47,0,2,0.0,0
27-Mar-2025,20:00:00,50.3,82.0,11.3,99.5,738,4.7,0.5,5,114,1,0.0,0,0,0,0,35.5,0.0,41.8,-0.017,36.43,0,4,0.0,9
27-Mar-2025,21:00:00,55.4,76.1,12.9,99.4,437,4.2,0.4,0,94,1,0.0,0,0,0,0,36.1,0.0,40.8,0.03,36.45,0,3,0.0,0
27-Mar-2025,22:00:00,65.1,41.0,11.5,99.4,0,4.5,0.0,5,62,0,0.0,14,0,0,0,48.2,0.0,37.5,-0.012,36.45,0,3,0.0,0
27-Mar-2025,23:00:00,68.1,47.7,12.3,97.9,0,4.1,0.0,5,62,0,0.0,6,0,0,0,40.9,0.0,42.5,-0.033,36.48,0,2,0.0,0
28-Mar-2025,00:00:00,65.2,51.3,11.5,98.9,0,4.1,0.0,0,62,0,0.0,7,0,0,0,43.6,0.0,35.6,0.007,36.3,0,4,0.0,0
28-Mar-2025,01:00:00,70.4,53.3,13.1,99.4,0,4.3,0.0,4,62,0,0.0,6,0,0,0,41.3,0.0,44.2,0.045,36.35,0,5,0.0,0
28-Mar-2025,02:00:00,74.2,45.6,13.9,99.2,0,4.9,0.0,2,62,0,6.5,10,23,56,17,49.5,0.0,37.1,0.033,36.21,0,5,0.0,0
28-Mar-2025,03:00:00,68.9,53.5,12.4,98.8,0,3.2,0.0,3,62,0,0.0,5,0,0,0,40.7,0.0,44.8,0.029,36.39,0,2,0.0,0
28-Mar-2025,04:00:00,71.8,48.1,12.4,98.1,0,4.1,0.0,2,62,0,0.0,8,0,0,0,33.6,0.0,39.1,0.002,36.47,0,2,0.0,0
28-Mar-2025,05:00:00,54.3,82.6,11.3,98.6,639,3.8,0.8,3,101,1,0.0,0,0,0,0,47.4,0.0,38.2,-0.009,36.34,0,4,0.0,0
28-Mar-2025,06:00:00,51.9,76.3,11.2,99.5,720,4.8,0.4,4,91,1,0.0,0,0,0,0,49.6,0.0,40.2,0.026,36.37,0,1,0.0,0
28-Mar-2025,07:00:00,124.8,33.3,16.2,98.4,2030,13.8,5.3,1,625,1,0.0,0,0,0,0,38.1,65.9,43.7,0.049,37.0,60,11,6.2,14
28-Mar-2025,08:00:00,54.0,78.4,13.8,99.5,607,4.3,0.7,4,117,1,0.0,0,0,0,0,45.1,0.0,44.6,0.05,36.23,0,3,0.0,0
28-Mar-2025,09:00:00,60.1,80.2,12.2,98.5,735,4.7,0.4,2,98,1,0.0,0,0,0,0,48.3,0.0,38.2,0.034,36.35,0,1,0.0,0
28-Mar-2025,10:00:00,58.6,76.0,13.1,98.4,498,4.1,0.5,0,99,1,0.0,0,0,0,0,45.5,0.0,39.2,-0.011,36.22,0,1,0.0,0
28-Mar-2025,11:00:00,62.6,75.4,11.3,99.0,484,5.0,0.4,1,108,1,0.0,0,0,0,0,32.5,0.0,39.3,-0.039,36.36,0,3,0.0,0
28-Mar-2025,12:00:00,55.5,84.7,11.4,98.5,610,4.0,0.4,0,80,1,0.0,0,0,0,0,35.0,0.0,36.1,0.018,36.28,0,1,0.0,0
28-Mar-2025,13:00:00,53.9,80.3,11.2,98.8,636,4.7,0.5,1,84,1,0.0,0,0,0,0,47.3,0.0,37.1,0.042,36.29,0,0,0.0,0
28-Mar-2025,14:00:00,54.5,77.7,13.0,99.0,503,3.7,0.3,2,110,1,0.0,0,0,0,0,44.3,0.0,43.1,-0.013,36.21,0,2,0.0,0
28-Mar-2025,15:00:00,62.1,83.8,13.9,97.5,565,4.8,0.5,2,111,1,0.0,0,0,0,0,44.6,0.0,42.6,-0.005,36.42,0,3,0.0,0
28-Mar-2025,16:00:00,64.5,80.4,11.6,98.1,575,4.3,0.4,0,110,1,0.0,0,0,0,0,45.7,0.0,36.8,0.022,36.47,0,1,0.0,0
28-Mar-2025,17:00:00,53.0,80.9,11.9,98.6,522,3.4,0.7,0,85,1,0.0,0,0,0,0,38.2,0.0,43.0,0.02,36.33,0,0,0.0,11
28-Mar-2025,18:00:00,130.2,32.4,13.7,99.1,2254,12.9,5.9,5,580,1,0.0,0,0,0,0,49.8,67.3,39.4,0.018,37.05,55,15,6.5,0
28-Mar-2025,19:00:00,58.5,79.4,12.9,99.0,485,3.3,0.4,2,113,1,0.0,0,0,0,0,37.0,0.0,44.4,-0.046,36.34,0,5,0.0,0
28-Mar-2025,20:00:00,50.7,83.5,11.1,97.7,721,3.6,0.6,5,99,1,0.0,0,0,0,0,43.5,0.0,37.9,-0.003,36.4,0,5,0.0,7
28-Mar-2025,21:00:00,58.3,82.2,11.1,98.9,679,3.6,0.5,1,97,1,0.0,0,0,0,0,32.1,0.0,37.3,0.021,36.48,0,5,0.0,0
28-Mar-2025,22:00:00,72.2,52.7,11.3,99.0,0,4.4,0.0,0,62,0,0.0,12,0,0,0,48.6,0.0,39.6,-0.016,36.38,0,0,0.0,0
28-Mar-2025,23:00:00,72.1,51.9,13.7,97.6,0,3.6,0.0,5,62,0,0.0,11,0,0,0,35.1,0.0,40.3,-0.015,36.41,0,4,0.0,0
29-Mar-2025,00:00:00,68.8,58.4,11.8,98.9,0,3.8,0.0,1,62,0,0.0,6,0,0,0,31.5,0.0,35.9,-0.035,36.49,0,3,0.0,0
29-Mar-2025,01:00:00,70.7,40.3,11.4,97.8,0,4.7,0.0,1,62,0,0.0,6,0,0,0,49.0,0.0,35.9,0.019,36.31,0,2,0.0,0
29-Mar-2025,02:00:00,74.1,54.2,13.8,99.3,0,4.0,0.0,3,62,0,6.5,11,20,64,23,44.3,0.0,44.2,-0.024,36.33,0,3,0.0,0
29-Mar-2025,03:00:00,65.9,51.5,12.6,98.9,0,4.5,0.0,4,62,0,0.0,14,0,0,0,41.6,0.0,37.0,-0.047,36.4,0,5,0.0,0
29-Mar-2025,04:00:00,71.3,43.9,11.6,98.0,0,4.8,0.0,1,62,0,0.0,7,0,0,0,31.6,0.0,44.7,-0.03,36.29,0,1,0.0,0
29-Mar-2025,05:00:00,60.5,78.6,13.2,99.3,643,3.5,0.8,4,115,1,0.0,0,0,0,0,32.9,0.0,39.1,0.025,36.34,0,5,0.0,0
29-Mar-2025,06:00:00,57.1,75.4,11.9,98.6,757,4.5,0.7,4,95,1,0.0,0,0,0,0,34.8,0.0,41.1,-0.001,36.39,0,5,0.0,0
29-Mar-2025,07:00:00,138.9,27.7,14.4,98.1,2049,12.1,5.4,5,637,1,0.0,0,0,0,0,38.3,72.0,38.0,0.039,37.09,48,25,5.8,12
29-Mar-2025,08:00:00,62.9,79.6,13.6,97.5,745,4.2,0.3,1,101,1,0.0,0,0,0,0,33.7,0.0,37.5,0.023,36.45,0,3,0.0,0
29-Mar-2025,09:00:00,61.5,78.2,13.1,99.4,427,3.0,0.4,0,112,1,0.0,0,0,0,0,39.5,0.0,36.2,0.042,36.23,0,3,0.0,0
29-Mar-2025,10:00:00,64.2,81.8,11.6,98.3,490,4.5,0.7,2,87,1,0.0,0,0,0,0,46.4,0.0,38.9,0.013,36.21,0,1,0.0,0
29-Mar-2025,11:00:00,63.9,80.2,12.0,98.1,744,4.2,0.4,5,92,1,0.0,0,0,0,0,45.9,0.0,39.0,0.035,36.33,0,2,0.0,0
29-Mar-2025,12:00:00,50.8,76.0,12.1,97.9,437,4.6,0.6,0,115,1,0.0,0,0,0,0,45.0,0.0,41.8,-0.031,36.37,0,0,0.0,0
29-Mar-2025,13:00:00,51.9,79.2,11.2,97.7,482,4.4,0.3,5,120,1,0.0,0,0,0,0,33.1,0.0,41.1,0.014,36.39,0,5,0.0,0
29-Mar-2025,14:00:00,51.7,83.7,13.6,99.2,473,3.1,0.4,2,95,1,0.0,0,0,0,0,44.5,0.0,35.6,-0.047,36.23,0,3,0.0,0
29-Mar-2025,15:00:00,61.0,77.2,12.1,99.4,777,4.0,0.3,2,86,1,0.0,0,0,0,0,36.2,0.0,38.5,0.016,36.38,0,2,0.0,0
29-Mar-2025,16:00:00,59.6,81.1,13.0,98.4,671,3.3,0.5,2,102,1,0.0,0,0,0,0,36.8,0.0,36.8,-0.015,36.43,0,1,0.0,0
29-Mar-2025,17:00:00,61.4,81.1,11.7,99.2,746,3.5,0.6,1,91,1,0.0,0,0,0,0,43.5,0.0,42.2,0.044,36.4,0,2,0.0,13
29-Mar-2025,18:00:00,142.7,28.0,17.6,97.9,2298,13.7,5.6,4,586,1,0.0,0,0,0,0,42.6,70.8,40.7,0.045,36.92,54,31,6.3,0
29-Mar-2025,19:00:00,59.2,85.0,13.5,98.8,780,4.2,0.5,1,110,1,0.0,0,0,0,0,41.9,0.0,36.2,-0.011,36.25,0,0,0.0,0
29-Mar-2025,20:00:00,50.2,81.7,11.5,98.7,420,4.6,0.4,4,85,1,0.0,0,0,0,0,32.1,0.0,43.9,-0.047,36.31,0,1,0.0,15
29-Mar-2025,21:00:00,50.6,80.3,12.9,98.0,713,3.9,0.6,5,84,1,0.0,0,0,0,0,32.9,0.0,39.4,-0.011,36.4,0,4,0.0,0
29-Mar-2025,22:00:00,60.0,46.9,11.4,98.9,0,3.5,0.0,5,62,0,0.0,13,0,0,0,34.4,0.0,39.2,-0.026,36.21,0,1,0.0,0
29-Mar-2025,23:00:00,61.1,55.9,11.4,98.7,0,3.3,0.0,2,62,0,0.0,9,0,0,0,31.8,0.0,37.6,-0.043,36.29,0,1,0.0,0
30-Mar-2025,00:00:00,72.1,48.3,13.7,99.3,0,3.8,0.0,3,62,0,0.0,13,0,0,0,31.8,0.0,38.4,0.045,36.23,0,3,0.0,0
30-Mar-2025,01:00:00,60.2,58.9,13.1,97.9,0,3.1,0.0,5,62,0,0.0,10,0,0,0,50.0,0.0,41.2,-0.026,36.21,0,3,0.0,0
30-Mar-2025,02:00:00,70.6,59.1,13.1,98.4,0,3.9,0.0,3,62,0,6.5,15,25,52,18,32.6,0.0,43.6,-0.003,36.43,0,1,0.0,0
30-Mar-2025,03:00:00,62.4,53.1,11.5,99.3,0,4.6,0.0,5,62,0,0.0,11,0,0,0,32.3,0.0,44.1,0.003,36.43,0,0,0.0,0
30-Mar-2025,04:00:00,72.7,40.7,12.4,99.4,0,3.7,0.0,5,62,0,0.0,15,0,0,0,35.7,0.0,38.1,-0.009,36.31,0,1,0.0,0
30-Mar-2025,05:00:00,59.6,76.3,11.3,97.9,761,4.3,0.7,4,112,1,0.0,0,0,0,0,38.5,0.0,37.9,0.038,36.47,0,5,0.0,0
30-Mar-2025,06:00:00,58.2,79.9,12.5,99.1,607,4.2,0.4,0,83,1,0.0,0,0,0,0,37.3,0.0,36.6,-0.017,36.45,0,4,0.0,0
30-Mar-2025,07:00:00,136.4,31.4,18.1,98.4,2126,12.7,5.4,4,590,1,0.0,0,0,0,0,48.4,72.5,36.1,-0.018,37.01,45,12,6.1,12
30-Mar-2025,08:00:00,62.0,76.1,11.9,98.9,541,3.8,0.6,2,107,1,0.0,0,0,0,0,41.4,0.0,41.5,0.022,36.26,0,4,0.0,0
30-Mar-2025,09:00:00,52.8,80.5,12.0,99.1,638,5.0,0.7,5,83,1,0.0,0,0,0,0,32.0,0.0,36.4,0.028,36.34,0,3,0.0,0
30-Mar-2025,10:00:00,57.8,77.4,12.6,98.2,451,4.1,0.8,2,98,1,0.0,0,0,0,0,45.3,0.0,37.4,0.036,36.39,0,1,0.0,0
30-Mar-2025,11:00:00,52.9,80.3,11.3,98.4,711,4.6,0.4,3,117,1,0.0,0,0,0,0,35.5,0.0,44.8,-0.031,36.28,0,1,0.0,0
30-Mar-2025,12:00:00,61.1,82.9,12.1,98.2,503,4.6,0.7,3,110,1,0.0,0,0,0,0,37.3,0.0,41.2,-0.036,36.39,0,1,0.0,0
30-Mar-2025,13:00:00,63.4,82.1,11.6,99.4,789,3.1,0.5,5,105,1,0.0,0,0,0,0,31.7,0.0,36.6,-0.037,36.31,0,1,0.0,0
30-Mar-2025,14:00:00,55.9,81.5,12.6,99.4,568,3.1,0.5,3,92,1,0.0,0,0,0,0,36.5,0.0,42.2,-0.035,36.49,0,2,0.0,0
30-Mar-2025,15:00:00,52.4,82.6,13.4,98.5,574,4.8,0.3,4,100,1,0.0,0,0,0,0,43.7,0.0,37.6,0.033,36.32,0,5,0.0,0
30-Mar-2025,16:00:00,54.0,84.6,12.4,99.0,602,3.7,0.5,1,115,1,0.0,0,0,0,0,42.8,0.0,41.3,0.013,36.27,0,1,0.0,0
30-Mar-2025,17:00:00,56.7,78.5,13.0,99.5,748,3.7,0.6,1,103,1,0.0,0,0,0,0,38.1,0.0,44.1,-0.023,36.26,0,5,0.0,14
30-Mar-2025,18:00:00,122.8,32.9,18.3,98.2,2604,12.8,5.2,4,583,1,0.0,0,0,0,0,35.1,66.0,41.8,0.016,37.14,50,23,6.0,0
30-Mar-2025,19:00:00,59.0,77.4,13.3,98.2,726,3.9,0.4,5,107,1,0.0,0,0,0,0,49.0,0.0,44.0,0.018,36.3,0,1,0.0,0
30-Mar-2025,20:00:00,57.1,79.5,11.9,97.7,721,4.2,0.4,4,92,1,0.0,0,0,0,0,49.6,0.0,40.4,-0.029,36.28,0,1,0.0,10
30-Mar-2025,21:00:00,56.3,84.2,12.4,98.5,598,4.5,0.8,3,100,1,0.0,0,0,0,0,39.4,0.0,35.4,0.009,36.3,0,1,0.0,0
30-Mar-2025,22:00:00,72.2,42.9,12.3,97.7,0,4.0,0.0,2,62,0,0.0,8,0,0,0,35.4,0.0,35.9,-0.007,36.2,0,3,0.0,0
30-Mar-2025,23:00:00,74.2,46.0,14.0,99.3,0,3.4,0.0,0,62,0,0.0,14,0,0,0,30.1,0.0,37.7,0.001,36.46,0,2,0.0,0
